Unix,Date,Symbol,Open,High,Low,Close,Volume 1INCH,Volume USDT,tradecount
1703116800000,2023-12-21,1INCHUSDT,0.3704,0.3966,0.3662,0.392,14557649.6,5553295.55156,35978
1703030400000,2023-12-20,1INCHUSDT,0.3564,0.3759,0.3536,0.3704,9979044.2,3672369.2364,23748
1702944000000,2023-12-19,1INCHUSDT,0.3613,0.3696,0.3523,0.3563,9500566.6,3450290.48451,20935
1702857600000,2023-12-18,1INCHUSDT,0.3655,0.3683,0.3365,0.3613,12201092.3,4289581.75469,28775
1702771200000,2023-12-17,1INCHUSDT,0.3768,0.3794,0.3636,0.3656,8760198.4,3258767.65208,21545
1702684800000,2023-12-16,1INCHUSDT,0.3622,0.3824,0.3562,0.3768,11788127.0,4395234.16546,25943
1702598400000,2023-12-15,1INCHUSDT,0.3824,0.3837,0.3604,0.3622,9806556.3,3660336.00639,22726
1702512000000,2023-12-14,1INCHUSDT,0.3746,0.3839,0.356,0.3825,11484581.4,4291814.08554,27708
1702425600000,2023-12-13,1INCHUSDT,0.3715,0.377,0.3508,0.3745,12603990.0,4575422.77182,24972
1702339200000,2023-12-12,1INCHUSDT,0.364,0.3745,0.3592,0.3714,11989166.9,4421114.62546,24950
1702252800000,2023-12-11,1INCHUSDT,0.4021,0.4033,0.337,0.3643,19524557.0,7175304.5812,47444
1702166400000,2023-12-10,1INCHUSDT,0.4041,0.4146,0.388,0.402,11158660.7,4468760.6467,26714
1702080000000,2023-12-09,1INCHUSDT,0.4106,0.4222,0.3994,0.4042,19706135.2,8146680.30092,49015
1701993600000,2023-12-08,1INCHUSDT,0.3871,0.4143,0.387,0.4106,19477891.1,7771997.742,45151
1701907200000,2023-12-07,1INCHUSDT,0.3734,0.3883,0.3644,0.3871,15785620.5,5981085.70831,34175
1701820800000,2023-12-06,1INCHUSDT,0.3758,0.3845,0.3602,0.3734,18356094.4,6861295.37924,38030
1701734400000,2023-12-05,1INCHUSDT,0.3665,0.3819,0.3598,0.3753,23314555.0,8642478.07607,46797
1701648000000,2023-12-04,1INCHUSDT,0.3554,0.3746,0.3402,0.3662,27418910.8,9930000.59877,62960
1701561600000,2023-12-03,1INCHUSDT,0.3568,0.3589,0.3483,0.3552,6965850.8,2465093.51397,15622
1701475200000,2023-12-02,1INCHUSDT,0.3508,0.359,0.3463,0.3568,14534604.4,5131649.68722,24501
1701388800000,2023-12-01,1INCHUSDT,0.3417,0.3514,0.3385,0.3512,6200170.2,2138578.20253,12019
1701302400000,2023-11-30,1INCHUSDT,0.3426,0.3621,0.3383,0.3416,18827846.7,6538365.2137,34342
1701216000000,2023-11-29,1INCHUSDT,0.3439,0.3451,0.3353,0.3425,9235492.3,3148246.14587,20084
1701129600000,2023-11-28,1INCHUSDT,0.3441,0.3485,0.3338,0.3439,8550038.0,2928488.76215,15787
1701043200000,2023-11-27,1INCHUSDT,0.3553,0.3577,0.3365,0.3439,10868019.9,3747335.32877,21205
1700956800000,2023-11-26,1INCHUSDT,0.3711,0.3711,0.3472,0.3553,8535148.6,3074783.71595,18595
1700870400000,2023-11-25,1INCHUSDT,0.3581,0.3768,0.3557,0.3709,8816338.4,3249141.83748,19436
1700784000000,2023-11-24,1INCHUSDT,0.3588,0.3659,0.3547,0.3585,11026379.2,3973376.96816,19234
1700697600000,2023-11-23,1INCHUSDT,0.3527,0.3669,0.3481,0.3583,10773299.5,3855493.92906,21083
1700611200000,2023-11-22,1INCHUSDT,0.3228,0.3589,0.3222,0.3525,11689184.1,4013913.23722,22900
1700524800000,2023-11-21,1INCHUSDT,0.3558,0.3663,0.322,0.3229,11360018.8,3915954.40504,27509
1700438400000,2023-11-20,1INCHUSDT,0.3661,0.3665,0.3508,0.3558,7439689.3,2683834.0169,15216
1700352000000,2023-11-19,1INCHUSDT,0.3502,0.3683,0.3418,0.366,7223315.4,2561219.39343,15859
1700265600000,2023-11-18,1INCHUSDT,0.3557,0.3557,0.3271,0.3502,9056363.3,3104954.33445,19509
1700179200000,2023-11-17,1INCHUSDT,0.3563,0.3778,0.3406,0.3556,16513181.6,5960933.5416,39328
1700092800000,2023-11-16,1INCHUSDT,0.3715,0.3785,0.3478,0.3565,12790445.6,4666579.9425,31751
1700006400000,2023-11-15,1INCHUSDT,0.3497,0.3728,0.3477,0.3714,10044410.1,3628946.10597,22250
1699920000000,2023-11-14,1INCHUSDT,0.3564,0.3638,0.331,0.3497,14890342.4,5234821.33792,35198
1699833600000,2023-11-13,1INCHUSDT,0.3806,0.3881,0.3529,0.3562,16900649.7,6233784.64849,39009
1699747200000,2023-11-12,1INCHUSDT,0.3854,0.3875,0.3642,0.3805,11824113.6,4480726.6387,27344
1699660800000,2023-11-11,1INCHUSDT,0.3844,0.3963,0.3668,0.3853,16489754.9,6305382.96428,38214
1699574400000,2023-11-10,1INCHUSDT,0.3721,0.3852,0.3581,0.3838,19920908.8,7441283.88859,42603
1699488000000,2023-11-09,1INCHUSDT,0.3652,0.3861,0.318,0.3718,43435387.6,16066667.36944,84376
1699401600000,2023-11-08,1INCHUSDT,0.3464,0.418,0.3405,0.365,85144191.3,32210085.01712,157005
1699315200000,2023-11-07,1INCHUSDT,0.3586,0.3586,0.3333,0.3463,12460081.7,4289368.73235,29499
1699228800000,2023-11-06,1INCHUSDT,0.3304,0.3642,0.326,0.3586,33595819.3,11650455.52745,65152
1699142400000,2023-11-05,1INCHUSDT,0.3158,0.3522,0.3146,0.3303,33513831.9,11182684.44849,64401
1699056000000,2023-11-04,1INCHUSDT,0.3102,0.3184,0.3067,0.3158,7673506.5,2397363.15577,18014
1698969600000,2023-11-03,1INCHUSDT,0.3084,0.3112,0.2938,0.3103,8794808.0,2651137.15633,22171
1698883200000,2023-11-02,1INCHUSDT,0.3135,0.326,0.2966,0.3086,17606191.8,5491026.46713,35519
1698796800000,2023-11-01,1INCHUSDT,0.2936,0.3199,0.2836,0.3133,15826961.4,4833685.72567,37220
1698710400000,2023-10-31,1INCHUSDT,0.2973,0.3004,0.2765,0.2936,6126282.9,1775646.62512,19844
1698624000000,2023-10-30,1INCHUSDT,0.2956,0.3001,0.2883,0.2973,4797359.3,1417219.02275,13854
1698537600000,2023-10-29,1INCHUSDT,0.2866,0.299,0.282,0.2956,5302687.8,1553577.8566,14625
1698451200000,2023-10-28,1INCHUSDT,0.2799,0.292,0.2794,0.2866,3661459.8,1050503.86998,10364
1698364800000,2023-10-27,1INCHUSDT,0.2852,0.2884,0.2723,0.2798,5444183.2,1533481.81242,15225
1698278400000,2023-10-26,1INCHUSDT,0.2873,0.2954,0.2754,0.285,7933834.9,2281772.57939,20658
1698192000000,2023-10-25,1INCHUSDT,0.2855,0.2913,0.2771,0.2873,6503126.6,1852619.26139,15426
1698105600000,2023-10-24,1INCHUSDT,0.2786,0.2917,0.2725,0.2856,19522505.6,5558901.97084,32669
1698019200000,2023-10-23,1INCHUSDT,0.2703,0.287,0.2629,0.2785,11972673.2,3262365.14352,24255
1697932800000,2023-10-22,1INCHUSDT,0.2627,0.2706,0.2573,0.2704,6416879.6,1685480.47099,13272
1697846400000,2023-10-21,1INCHUSDT,0.2542,0.2688,0.2518,0.2626,7321993.3,1908091.73262,15137
1697760000000,2023-10-20,1INCHUSDT,0.2437,0.2554,0.2379,0.2542,11315318.8,2819081.59885,20204
1697673600000,2023-10-19,1INCHUSDT,0.2492,0.2779,0.2427,0.2436,40735898.0,10613526.46911,80338
1697587200000,2023-10-18,1INCHUSDT,0.2541,0.257,0.2487,0.2491,5087513.1,1282945.72775,9104
1697500800000,2023-10-17,1INCHUSDT,0.2509,0.2553,0.2484,0.2542,7343574.1,1850598.61031,12527
1697414400000,2023-10-16,1INCHUSDT,0.2446,0.2571,0.2446,0.2508,6133395.7,1534502.27772,14171
1697328000000,2023-10-15,1INCHUSDT,0.2452,0.2509,0.2427,0.2445,3356203.7,827744.31663,6639
1697241600000,2023-10-14,1INCHUSDT,0.2426,0.2481,0.242,0.2451,3393083.4,833495.0747,5546
1697155200000,2023-10-13,1INCHUSDT,0.2399,0.2459,0.2386,0.2424,30689552.5,7386811.99975,29012
1697068800000,2023-10-12,1INCHUSDT,0.24,0.2413,0.2345,0.2399,2769512.4,660509.90824,6818
1696982400000,2023-10-11,1INCHUSDT,0.2396,0.241,0.2336,0.2399,3750644.8,888917.85428,8158
1696896000000,2023-10-10,1INCHUSDT,0.2465,0.2476,0.2365,0.2394,18101624.5,4402676.8647,18726
1696809600000,2023-10-09,1INCHUSDT,0.2594,0.2613,0.2419,0.2466,5485259.6,1379217.84203,12830
1696723200000,2023-10-08,1INCHUSDT,0.2555,0.2595,0.2513,0.2595,2133440.3,545625.03509,4393
1696636800000,2023-10-07,1INCHUSDT,0.2575,0.2585,0.2548,0.2556,1775356.1,455245.65061,3671
1696550400000,2023-10-06,1INCHUSDT,0.2501,0.2584,0.2497,0.2574,3384670.1,860407.208,6840
1696464000000,2023-10-05,1INCHUSDT,0.256,0.2571,0.2496,0.2502,3567108.7,901552.0676,7921
1696377600000,2023-10-04,1INCHUSDT,0.259,0.259,0.2474,0.2559,6055962.9,1533562.51124,10676
1696291200000,2023-10-03,1INCHUSDT,0.268,0.2717,0.2579,0.2589,4443076.5,1174175.96259,8461
1696204800000,2023-10-02,1INCHUSDT,0.2768,0.2815,0.2617,0.2678,7205806.8,1968769.36434,12680
1696118400000,2023-10-01,1INCHUSDT,0.2698,0.2793,0.2675,0.2766,5217756.0,1425935.79822,11738
1696032000000,2023-09-30,1INCHUSDT,0.2667,0.2718,0.2648,0.2697,2924805.7,784230.03978,6860
1695945600000,2023-09-29,1INCHUSDT,0.2692,0.2695,0.26,0.2665,3567784.1,947421.24363,7518
1695859200000,2023-09-28,1INCHUSDT,0.2619,0.2697,0.2604,0.2692,5452921.2,1446712.46943,11035
1695772800000,2023-09-27,1INCHUSDT,0.2666,0.2722,0.2554,0.2619,6586411.4,1742272.7102,14828
1695686400000,2023-09-26,1INCHUSDT,0.2644,0.2701,0.261,0.2665,3906874.8,1036147.85571,9349
1695600000000,2023-09-25,1INCHUSDT,0.2539,0.2651,0.2511,0.2642,5851432.1,1522586.74807,11117
1695513600000,2023-09-24,1INCHUSDT,0.263,0.2633,0.2538,0.2539,3198162.0,827918.28797,10964
1695427200000,2023-09-23,1INCHUSDT,0.2625,0.2687,0.2577,0.263,4833672.4,1264945.77322,11830
1695340800000,2023-09-22,1INCHUSDT,0.2587,0.2638,0.2541,0.2625,7474579.7,1946173.71541,14568
1695254400000,2023-09-21,1INCHUSDT,0.2513,0.2814,0.2512,0.2587,43261175.0,11528264.53348,69496
1695168000000,2023-09-20,1INCHUSDT,0.252,0.253,0.2473,0.2514,3216386.5,804616.65609,10854
1695081600000,2023-09-19,1INCHUSDT,0.2488,0.2556,0.2472,0.2518,2814161.9,709146.98879,9226
1694995200000,2023-09-18,1INCHUSDT,0.2473,0.2564,0.2436,0.2488,3409626.8,857939.05853,10628
1694908800000,2023-09-17,1INCHUSDT,0.2561,0.2565,0.244,0.2476,4342859.4,1087463.82737,8564
1694822400000,2023-09-16,1INCHUSDT,0.2552,0.2601,0.2521,0.2564,5436958.9,1393458.63317,9567
1694736000000,2023-09-15,1INCHUSDT,0.2444,0.2564,0.243,0.2552,6844013.4,1700253.82087,14414
1694649600000,2023-09-14,1INCHUSDT,0.2344,0.2448,0.2325,0.2444,3726795.5,888316.32115,10285
1694563200000,2023-09-13,1INCHUSDT,0.2279,0.2358,0.2271,0.2343,3529393.2,819534.42837,9667
1694476800000,2023-09-12,1INCHUSDT,0.2242,0.236,0.2236,0.2279,5328774.0,1226912.5796,12814
1694390400000,2023-09-11,1INCHUSDT,0.2397,0.2401,0.22,0.2242,7565646.5,1717697.59263,16670
1694304000000,2023-09-10,1INCHUSDT,0.2459,0.246,0.2316,0.2396,5798612.5,1389067.92767,14440
1694217600000,2023-09-09,1INCHUSDT,0.2454,0.2477,0.2444,0.2457,2528711.5,622666.27339,8211
1694131200000,2023-09-08,1INCHUSDT,0.2484,0.2487,0.2418,0.2454,3342561.4,821092.80581,8392
1694044800000,2023-09-07,1INCHUSDT,0.2464,0.2486,0.242,0.2484,5364092.0,1312676.10782,8142
1693958400000,2023-09-06,1INCHUSDT,0.2443,0.2498,0.2392,0.2464,7848552.7,1922150.35926,12177
1693872000000,2023-09-05,1INCHUSDT,0.2361,0.2449,0.234,0.2444,6459679.8,1558502.17956,13044
1693785600000,2023-09-04,1INCHUSDT,0.2346,0.2392,0.2328,0.2359,4467166.8,1054741.23084,11254
1693699200000,2023-09-03,1INCHUSDT,0.234,0.237,0.2315,0.2346,4561947.9,1070636.00081,9609
1693612800000,2023-09-02,1INCHUSDT,0.2351,0.2362,0.2312,0.234,5322390.6,1245153.42688,12028
1693526400000,2023-09-01,1INCHUSDT,0.2446,0.2462,0.2325,0.2353,4253029.1,1015030.19777,11325
1693440000000,2023-08-31,1INCHUSDT,0.2569,0.2574,0.2411,0.2445,6045428.5,1516241.95721,14383
1693353600000,2023-08-30,1INCHUSDT,0.2588,0.2594,0.2528,0.257,6597433.1,1692730.99312,14895
1693267200000,2023-08-29,1INCHUSDT,0.2487,0.2635,0.2402,0.2587,11380784.1,2877394.25589,24219
1693180800000,2023-08-28,1INCHUSDT,0.2482,0.2541,0.2384,0.2485,7648346.1,1889620.11683,15994
1693094400000,2023-08-27,1INCHUSDT,0.2422,0.2483,0.2408,0.2482,3299832.7,804172.7362,11071
1693008000000,2023-08-26,1INCHUSDT,0.2468,0.2505,0.242,0.2422,5564604.6,1364114.5071,11851
1692921600000,2023-08-25,1INCHUSDT,0.2512,0.2516,0.2405,0.2468,6124656.7,1501967.15347,15307
1692835200000,2023-08-24,1INCHUSDT,0.252,0.2542,0.2462,0.2515,4863436.4,1218963.97272,11726
1692748800000,2023-08-23,1INCHUSDT,0.2453,0.2547,0.2435,0.2519,6138367.4,1526376.17441,12995
1692662400000,2023-08-22,1INCHUSDT,0.2439,0.2466,0.2337,0.2451,6811290.1,1644969.54942,12418
1692576000000,2023-08-21,1INCHUSDT,0.2502,0.2506,0.2368,0.2438,5886622.3,1436462.53204,11037
1692489600000,2023-08-20,1INCHUSDT,0.249,0.2516,0.2456,0.2502,4577216.5,1139775.32193,8524
1692403200000,2023-08-19,1INCHUSDT,0.2416,0.2506,0.2405,0.2492,6397243.5,1566085.48739,11285
1692316800000,2023-08-18,1INCHUSDT,0.2353,0.2451,0.2318,0.2417,15510554.3,3713824.36672,20685
1692230400000,2023-08-17,1INCHUSDT,0.265,0.2712,0.2011,0.2352,33188771.0,8110753.01772,53405
1692144000000,2023-08-16,1INCHUSDT,0.2858,0.2875,0.2572,0.2649,15401533.0,4180789.75465,27863
1692057600000,2023-08-15,1INCHUSDT,0.3101,0.3113,0.2643,0.286,11719410.8,3415017.47282,23689
1691971200000,2023-08-14,1INCHUSDT,0.3072,0.3139,0.3031,0.3102,7047606.5,2180766.47764,10742
1691884800000,2023-08-13,1INCHUSDT,0.3062,0.3123,0.3046,0.3075,5469003.9,1685818.72239,10702
1691798400000,2023-08-12,1INCHUSDT,0.3083,0.3094,0.3038,0.3062,2882844.8,882977.06712,5641
1691712000000,2023-08-11,1INCHUSDT,0.3074,0.3106,0.3058,0.3083,4521366.7,1394650.60585,8244
1691625600000,2023-08-10,1INCHUSDT,0.3065,0.3095,0.305,0.3074,3698288.2,1134569.90452,6753
1691539200000,2023-08-09,1INCHUSDT,0.3075,0.3091,0.3025,0.3064,4912645.6,1501402.21651,9194
1691452800000,2023-08-08,1INCHUSDT,0.305,0.3092,0.3012,0.3073,5809123.1,1770085.53829,11496
1691366400000,2023-08-07,1INCHUSDT,0.3055,0.3098,0.2924,0.305,18862696.7,5730094.94642,26665
1691280000000,2023-08-06,1INCHUSDT,0.3054,0.3111,0.3026,0.3054,24508587.6,7525748.11241,29635
1691193600000,2023-08-05,1INCHUSDT,0.3055,0.3059,0.3015,0.3053,5373649.4,1628709.44227,12545
1691107200000,2023-08-04,1INCHUSDT,0.3114,0.3148,0.3,0.3057,13623626.0,4164899.11172,24002
1691020800000,2023-08-03,1INCHUSDT,0.3153,0.321,0.3088,0.3114,9687945.4,3037186.20894,21476
1690934400000,2023-08-02,1INCHUSDT,0.3208,0.3216,0.3091,0.3153,10132326.4,3187525.48419,20081
1690848000000,2023-08-01,1INCHUSDT,0.3144,0.3208,0.3001,0.3208,12745058.0,3979488.03225,22660
1690761600000,2023-07-31,1INCHUSDT,0.3121,0.3188,0.3075,0.3145,8796533.0,2758214.21098,14810
1690675200000,2023-07-30,1INCHUSDT,0.3158,0.3234,0.3022,0.3122,14999907.5,4741295.03593,23421
1690588800000,2023-07-29,1INCHUSDT,0.3097,0.3163,0.3081,0.3158,6020291.8,1880031.20512,10062
1690502400000,2023-07-28,1INCHUSDT,0.3051,0.3115,0.3019,0.3097,6378587.2,1962420.79405,10317
1690416000000,2023-07-27,1INCHUSDT,0.3041,0.3131,0.3012,0.305,9481466.2,2911054.04745,19539
1690329600000,2023-07-26,1INCHUSDT,0.3024,0.3093,0.2973,0.3041,11815817.4,3583259.07104,20580
1690243200000,2023-07-25,1INCHUSDT,0.3045,0.3071,0.3006,0.3025,9896071.0,3007883.2023,14997
1690156800000,2023-07-24,1INCHUSDT,0.327,0.3281,0.2768,0.3042,36636019.1,11216708.35583,45657
1690070400000,2023-07-23,1INCHUSDT,0.3279,0.3317,0.3237,0.3271,21900459.8,7176162.72807,29598
1689984000000,2023-07-22,1INCHUSDT,0.336,0.338,0.325,0.3279,17697344.8,5892849.58763,29081
1689897600000,2023-07-21,1INCHUSDT,0.3288,0.3457,0.3232,0.3358,47315772.2,15854030.11658,55079
1689811200000,2023-07-20,1INCHUSDT,0.3361,0.3436,0.317,0.329,60608283.8,20150084.1939,81714
1689724800000,2023-07-19,1INCHUSDT,0.3596,0.3681,0.3327,0.3361,58537762.5,20237724.64314,83361
1689638400000,2023-07-18,1INCHUSDT,0.4027,0.405,0.351,0.3598,74966833.0,28178210.79758,112254
1689552000000,2023-07-17,1INCHUSDT,0.4317,0.5935,0.3913,0.4029,273826458.3,130892809.36629,638729
1689465600000,2023-07-16,1INCHUSDT,0.3709,0.4494,0.362,0.4321,87545833.0,35928401.90353,195432
1689379200000,2023-07-15,1INCHUSDT,0.335,0.383,0.3295,0.3709,35592043.6,12979074.37601,73716
1689292800000,2023-07-14,1INCHUSDT,0.3494,0.3595,0.3243,0.335,12475279.2,4283412.68025,28396
1689206400000,2023-07-13,1INCHUSDT,0.3254,0.3531,0.3135,0.3491,13992832.9,4663995.73127,31554
1689120000000,2023-07-12,1INCHUSDT,0.3143,0.43,0.3141,0.3254,28356027.2,9417059.12638,62220
1689033600000,2023-07-11,1INCHUSDT,0.3053,0.3148,0.3019,0.3142,3791693.5,1166589.40373,11997
1688947200000,2023-07-10,1INCHUSDT,0.3036,0.312,0.2949,0.3052,5418271.1,1638647.2023,14561
1688860800000,2023-07-09,1INCHUSDT,0.3063,0.3101,0.3015,0.3036,3322427.3,1014217.82771,10851
1688774400000,2023-07-08,1INCHUSDT,0.3084,0.3112,0.2994,0.3064,4139671.4,1264919.60287,11485
1688688000000,2023-07-07,1INCHUSDT,0.3014,0.3092,0.2973,0.3086,4612644.1,1404772.48273,13017
1688601600000,2023-07-06,1INCHUSDT,0.3147,0.3277,0.3012,0.3015,6806415.5,2139226.77161,18418
1688515200000,2023-07-05,1INCHUSDT,0.3272,0.3304,0.3096,0.3147,9387146.5,3019526.0534,19490
1688428800000,2023-07-04,1INCHUSDT,0.342,0.342,0.3197,0.327,11623759.4,3831053.84927,21169
1688342400000,2023-07-03,1INCHUSDT,0.3245,0.3438,0.3209,0.3418,8525332.3,2858974.67494,20665
1688256000000,2023-07-02,1INCHUSDT,0.3324,0.3327,0.3164,0.3243,5442134.6,1759276.03797,14483
1688169600000,2023-07-01,1INCHUSDT,0.3173,0.3333,0.3111,0.3324,4876560.8,1562654.86135,14107
1688083200000,2023-06-30,1INCHUSDT,0.3084,0.3275,0.2944,0.3173,13293658.0,4175937.2716,27132
1687996800000,2023-06-29,1INCHUSDT,0.2989,0.3125,0.2975,0.3085,6122372.4,1878439.72517,12449
1687910400000,2023-06-28,1INCHUSDT,0.3194,0.3196,0.2877,0.2987,7425737.7,2262059.62633,17397
1687824000000,2023-06-27,1INCHUSDT,0.3197,0.3265,0.3167,0.319,5119156.7,1643670.265,13570
1687737600000,2023-06-26,1INCHUSDT,0.3278,0.3333,0.3127,0.3196,8127239.6,2626178.86499,18918
1687651200000,2023-06-25,1INCHUSDT,0.3263,0.3505,0.3225,0.3279,14728476.4,4965767.46591,23370
1687564800000,2023-06-24,1INCHUSDT,0.3183,0.3316,0.3161,0.3265,7960730.9,2574791.35655,15216
1687478400000,2023-06-23,1INCHUSDT,0.3041,0.3258,0.304,0.3184,6000686.5,1890155.13768,15775
1687392000000,2023-06-22,1INCHUSDT,0.3088,0.3166,0.2989,0.3041,9238260.1,2863538.39291,18931
1687305600000,2023-06-21,1INCHUSDT,0.2931,0.3138,0.2911,0.309,8926135.9,2702640.45864,17201
1687219200000,2023-06-20,1INCHUSDT,0.2777,0.2943,0.2736,0.2932,10365208.0,2915653.25007,16732
1687132800000,2023-06-19,1INCHUSDT,0.2755,0.2789,0.2707,0.2775,7132580.4,1959148.95425,13616
1687046400000,2023-06-18,1INCHUSDT,0.2767,0.2846,0.2729,0.2755,8805709.0,2451572.09276,16014
1686960000000,2023-06-17,1INCHUSDT,0.2754,0.2845,0.2719,0.2766,11151127.5,3109425.80997,17214
1686873600000,2023-06-16,1INCHUSDT,0.261,0.2799,0.259,0.2756,16518221.5,4448393.50693,22689
1686787200000,2023-06-15,1INCHUSDT,0.263,0.266,0.252,0.26,3905308.5,1010452.0761,8559
1686700800000,2023-06-14,1INCHUSDT,0.269,0.278,0.257,0.262,6283278.2,1680265.4043,11236
1686614400000,2023-06-13,1INCHUSDT,0.27,0.277,0.263,0.268,4671266.9,1263084.3167,12437
1686528000000,2023-06-12,1INCHUSDT,0.269,0.275,0.26,0.269,6316519.4,1701666.1122,15364
1686441600000,2023-06-11,1INCHUSDT,0.272,0.276,0.265,0.27,4334172.8,1170527.1141,10333
1686355200000,2023-06-10,1INCHUSDT,0.323,0.324,0.235,0.272,23816462.8,6599880.5695,38714
1686268800000,2023-06-09,1INCHUSDT,0.322,0.328,0.317,0.322,3665495.4,1181177.0961,8290
1686182400000,2023-06-08,1INCHUSDT,0.314,0.328,0.311,0.322,3820291.2,1229834.7236,12368
1686096000000,2023-06-07,1INCHUSDT,0.335,0.335,0.31,0.313,5865231.8,1901767.116,15277
1686009600000,2023-06-06,1INCHUSDT,0.326,0.337,0.314,0.334,8811775.0,2864090.7719,16981
1685923200000,2023-06-05,1INCHUSDT,0.373,0.373,0.317,0.326,18637398.1,6356852.2339,33575
1685836800000,2023-06-04,1INCHUSDT,0.371,0.378,0.368,0.372,3303096.5,1232411.2492,11025
1685750400000,2023-06-03,1INCHUSDT,0.381,0.382,0.368,0.371,6264642.9,2352687.198,13738
1685664000000,2023-06-02,1INCHUSDT,0.368,0.387,0.362,0.381,14684626.9,5449491.6103,23248
1685577600000,2023-06-01,1INCHUSDT,0.381,0.382,0.367,0.368,3939050.1,1466450.9364,7251
1685491200000,2023-05-31,1INCHUSDT,0.394,0.398,0.375,0.38,5174871.0,1991300.7277,9504
1685404800000,2023-05-30,1INCHUSDT,0.394,0.4,0.39,0.395,2444809.9,964524.3471,6492
1685318400000,2023-05-29,1INCHUSDT,0.405,0.407,0.391,0.393,4538570.9,1802594.8993,8751
1685232000000,2023-05-28,1INCHUSDT,0.397,0.409,0.395,0.404,3137914.1,1258840.1608,5189
1685145600000,2023-05-27,1INCHUSDT,0.394,0.397,0.391,0.397,1183676.9,466295.3027,2448
1685059200000,2023-05-26,1INCHUSDT,0.392,0.396,0.386,0.395,1637524.9,641138.136,3234
1684972800000,2023-05-25,1INCHUSDT,0.389,0.396,0.382,0.392,2281843.2,889276.061,4790
1684886400000,2023-05-24,1INCHUSDT,0.402,0.402,0.382,0.389,2846935.4,1108125.2393,6723
1684800000000,2023-05-23,1INCHUSDT,0.397,0.405,0.395,0.402,2020630.7,809596.1032,3860
1684713600000,2023-05-22,1INCHUSDT,0.396,0.4,0.389,0.397,2130820.3,841354.4752,4249
1684627200000,2023-05-21,1INCHUSDT,0.404,0.404,0.392,0.395,1845779.6,734144.92,5579
1684540800000,2023-05-20,1INCHUSDT,0.4,0.404,0.397,0.404,1494015.0,598103.3093,3221
1684454400000,2023-05-19,1INCHUSDT,0.401,0.404,0.397,0.4,3107204.7,1244777.0273,5108
1684368000000,2023-05-18,1INCHUSDT,0.415,0.416,0.395,0.402,8290307.6,3364193.8505,10459
1684281600000,2023-05-17,1INCHUSDT,0.416,0.421,0.405,0.416,8108353.8,3349269.5416,11543
1684195200000,2023-05-16,1INCHUSDT,0.414,0.422,0.409,0.416,2823655.7,1172709.6418,5974
1684108800000,2023-05-15,1INCHUSDT,0.413,0.422,0.407,0.414,2477561.5,1032608.0276,5399
1684022400000,2023-05-14,1INCHUSDT,0.41,0.418,0.405,0.413,1539480.3,634535.6777,4049
1683936000000,2023-05-13,1INCHUSDT,0.415,0.416,0.407,0.41,1727590.0,710628.0616,5884
1683849600000,2023-05-12,1INCHUSDT,0.409,0.416,0.396,0.415,5227099.5,2125913.7001,11835
1683763200000,2023-05-11,1INCHUSDT,0.422,0.422,0.398,0.409,4184701.9,1708176.562,8024
1683676800000,2023-05-10,1INCHUSDT,0.415,0.426,0.402,0.422,5440379.1,2260108.0239,11973
1683590400000,2023-05-09,1INCHUSDT,0.407,0.42,0.405,0.415,2574022.4,1061959.4476,6276
1683504000000,2023-05-08,1INCHUSDT,0.447,0.449,0.389,0.407,6985054.2,2881347.1144,17079
1683417600000,2023-05-07,1INCHUSDT,0.447,0.456,0.443,0.447,1157145.4,520345.4542,3787
1683331200000,2023-05-06,1INCHUSDT,0.463,0.466,0.436,0.447,2577076.3,1160105.604,7115
1683244800000,2023-05-05,1INCHUSDT,0.451,0.466,0.447,0.463,3038665.3,1392485.2034,6702
1683158400000,2023-05-04,1INCHUSDT,0.457,0.458,0.447,0.452,1213440.2,549746.0686,3876
1683072000000,2023-05-03,1INCHUSDT,0.458,0.459,0.439,0.457,3699514.8,1651374.2699,10911
1682985600000,2023-05-02,1INCHUSDT,0.454,0.461,0.451,0.459,1779113.6,811535.7795,5998
1682899200000,2023-05-01,1INCHUSDT,0.472,0.474,0.446,0.454,5533040.5,2553268.3045,11689
1682812800000,2023-04-30,1INCHUSDT,0.496,0.496,0.466,0.471,9912041.7,4715529.5487,17372
1682726400000,2023-04-29,1INCHUSDT,0.483,0.515,0.48,0.496,8321061.9,4125373.5307,14809
1682640000000,2023-04-28,1INCHUSDT,0.489,0.491,0.476,0.483,2330769.9,1122948.5648,6167
1682553600000,2023-04-27,1INCHUSDT,0.479,0.496,0.476,0.49,2693679.1,1308917.7194,8220
1682467200000,2023-04-26,1INCHUSDT,0.494,0.51,0.455,0.48,4378243.1,2129181.1097,12098
1682380800000,2023-04-25,1INCHUSDT,0.487,0.496,0.471,0.494,2336695.9,1119614.6361,6228
1682294400000,2023-04-24,1INCHUSDT,0.495,0.5,0.48,0.487,2043976.7,999269.7023,5845
1682208000000,2023-04-23,1INCHUSDT,0.507,0.508,0.482,0.494,2483209.5,1235741.5658,7076
1682121600000,2023-04-22,1INCHUSDT,0.492,0.508,0.488,0.507,2093673.7,1040194.0766,4870
1682035200000,2023-04-21,1INCHUSDT,0.511,0.522,0.487,0.492,5896901.2,2985335.3809,14253
1681948800000,2023-04-20,1INCHUSDT,0.51,0.52,0.493,0.511,4843144.2,2455044.2736,13066
1681862400000,2023-04-19,1INCHUSDT,0.569,0.572,0.502,0.511,6914746.8,3646259.7066,20465
1681776000000,2023-04-18,1INCHUSDT,0.557,0.58,0.548,0.57,4225172.0,2396647.7824,12539
1681689600000,2023-04-17,1INCHUSDT,0.574,0.583,0.548,0.557,5562355.9,3125836.872,15076
1681603200000,2023-04-16,1INCHUSDT,0.566,0.58,0.557,0.575,3483902.0,1987451.3679,12473
1681516800000,2023-04-15,1INCHUSDT,0.565,0.571,0.552,0.566,3393557.1,1908412.3424,10233
1681430400000,2023-04-14,1INCHUSDT,0.55,0.568,0.545,0.565,5815336.8,3250344.951,16918
1681344000000,2023-04-13,1INCHUSDT,0.537,0.55,0.531,0.55,4405550.4,2386920.1939,10876
1681257600000,2023-04-12,1INCHUSDT,0.544,0.546,0.522,0.536,4797377.1,2547527.4744,12363
1681171200000,2023-04-11,1INCHUSDT,0.548,0.55,0.539,0.544,4278390.8,2325863.956,11726
1681084800000,2023-04-10,1INCHUSDT,0.534,0.548,0.519,0.547,6008643.9,3206089.611,12835
1680998400000,2023-04-09,1INCHUSDT,0.529,0.538,0.517,0.533,2654349.6,1400736.6134,6581
1680912000000,2023-04-08,1INCHUSDT,0.528,0.536,0.52,0.53,3038540.1,1616516.0371,6073
1680825600000,2023-04-07,1INCHUSDT,0.538,0.538,0.519,0.527,2541966.2,1338615.5285,6621
1680739200000,2023-04-06,1INCHUSDT,0.538,0.539,0.523,0.538,4189547.6,2226207.7833,10089
1680652800000,2023-04-05,1INCHUSDT,0.54,0.559,0.523,0.538,10601631.2,5725562.7251,25245
1680566400000,2023-04-04,1INCHUSDT,0.515,0.544,0.508,0.541,8372209.1,4414740.4658,17649
1680480000000,2023-04-03,1INCHUSDT,0.521,0.525,0.495,0.516,8040277.5,4123845.8885,18980
1680393600000,2023-04-02,1INCHUSDT,0.54,0.541,0.511,0.52,5494768.0,2879798.2187,13249
1680307200000,2023-04-01,1INCHUSDT,0.562,0.562,0.533,0.54,10388960.6,5686705.3333,18699
1680220800000,2023-03-31,1INCHUSDT,0.566,0.568,0.536,0.561,16871582.8,9312578.437,29738
1680134400000,2023-03-30,1INCHUSDT,0.519,0.607,0.515,0.568,45396265.4,25739857.3599,93379
1680048000000,2023-03-29,1INCHUSDT,0.497,0.519,0.496,0.519,5991047.4,3063357.4213,14425
1679961600000,2023-03-28,1INCHUSDT,0.489,0.505,0.484,0.496,4815248.6,2383411.1798,10809
1679875200000,2023-03-27,1INCHUSDT,0.514,0.517,0.482,0.488,6040640.5,2991604.9718,12957
1679788800000,2023-03-26,1INCHUSDT,0.5,0.516,0.495,0.513,3143811.3,1599934.0351,8696
1679702400000,2023-03-25,1INCHUSDT,0.507,0.51,0.494,0.5,3090649.8,1547518.8941,8300
1679616000000,2023-03-24,1INCHUSDT,0.521,0.523,0.498,0.506,3941115.8,2006591.5009,9955
1679529600000,2023-03-23,1INCHUSDT,0.507,0.558,0.502,0.521,7764165.3,4009764.884,18381
1679443200000,2023-03-22,1INCHUSDT,0.537,0.537,0.493,0.507,7015206.8,3617642.205,19270
1679356800000,2023-03-21,1INCHUSDT,0.523,0.537,0.501,0.536,6659211.1,3459998.7779,17573
1679270400000,2023-03-20,1INCHUSDT,0.552,0.552,0.516,0.523,8495536.5,4532231.8425,21566
1679184000000,2023-03-19,1INCHUSDT,0.521,0.586,0.52,0.551,19939101.2,11058264.118,43814
1679097600000,2023-03-18,1INCHUSDT,0.528,0.544,0.512,0.52,7836479.7,4172686.6169,20149
1679011200000,2023-03-17,1INCHUSDT,0.493,0.53,0.486,0.529,7177370.9,3631046.0228,20044
1678924800000,2023-03-16,1INCHUSDT,0.489,0.512,0.483,0.493,15342109.2,7593729.3665,25298
1678838400000,2023-03-15,1INCHUSDT,0.527,0.536,0.481,0.488,7616607.9,3848157.2527,19622
1678752000000,2023-03-14,1INCHUSDT,0.5,0.538,0.489,0.526,9529668.5,4896159.15,22660
1678665600000,2023-03-13,1INCHUSDT,0.474,0.503,0.462,0.5,6464215.2,3125588.7078,16408
1678579200000,2023-03-12,1INCHUSDT,0.438,0.476,0.428,0.474,3165974.5,1412956.2934,9113
1678492800000,2023-03-11,1INCHUSDT,0.446,0.456,0.422,0.438,4762754.6,2074994.1538,11675
1678406400000,2023-03-10,1INCHUSDT,0.439,0.449,0.41,0.446,5399885.4,2328938.8715,12764
1678320000000,2023-03-09,1INCHUSDT,0.472,0.485,0.43,0.438,4494467.1,2063209.8746,12637
1678233600000,2023-03-08,1INCHUSDT,0.509,0.51,0.467,0.472,3278824.6,1605454.7077,9016
1678147200000,2023-03-07,1INCHUSDT,0.525,0.528,0.494,0.508,4128472.5,2101077.7596,9322
1678060800000,2023-03-06,1INCHUSDT,0.513,0.531,0.512,0.526,6713732.8,3512765.2479,12611
1677974400000,2023-03-05,1INCHUSDT,0.517,0.529,0.51,0.514,2478608.4,1288082.1104,6598
1677888000000,2023-03-04,1INCHUSDT,0.528,0.532,0.499,0.517,2728288.8,1403352.861,7365
1677801600000,2023-03-03,1INCHUSDT,0.566,0.566,0.504,0.528,7826149.0,4089306.8739,18576
1677715200000,2023-03-02,1INCHUSDT,0.588,0.59,0.551,0.565,3821266.3,2152926.2638,10319
1677628800000,2023-03-01,1INCHUSDT,0.571,0.6,0.567,0.588,5467238.9,3222529.1156,13309
1677542400000,2023-02-28,1INCHUSDT,0.579,0.587,0.565,0.571,3600863.7,2070963.9211,10736
1677456000000,2023-02-27,1INCHUSDT,0.583,0.59,0.563,0.579,9325409.9,5380159.235,17537
1677369600000,2023-02-26,1INCHUSDT,0.581,0.597,0.569,0.583,6220454.5,3610753.4269,15088
1677283200000,2023-02-25,1INCHUSDT,0.601,0.602,0.564,0.581,3963003.9,2319573.8575,12124
1677196800000,2023-02-24,1INCHUSDT,0.619,0.626,0.583,0.6,10486885.6,6313924.5033,22116
1677110400000,2023-02-23,1INCHUSDT,0.642,0.644,0.608,0.619,8747238.1,5494935.4368,23170
1677024000000,2023-02-22,1INCHUSDT,0.687,0.687,0.628,0.642,19081890.5,12368600.4989,41249
1676937600000,2023-02-21,1INCHUSDT,0.612,0.697,0.602,0.687,42867498.3,28028630.3604,94727
1676851200000,2023-02-20,1INCHUSDT,0.575,0.617,0.562,0.613,12358598.2,7390492.3452,28167
1676764800000,2023-02-19,1INCHUSDT,0.575,0.601,0.565,0.575,11872098.6,6908110.6371,24080
1676678400000,2023-02-18,1INCHUSDT,0.567,0.582,0.562,0.575,6219887.4,3570882.92,14386
1676592000000,2023-02-17,1INCHUSDT,0.542,0.572,0.538,0.568,10994883.1,6134604.4904,20594
1676505600000,2023-02-16,1INCHUSDT,0.568,0.572,0.541,0.541,10577752.6,5907254.7931,20994
1676419200000,2023-02-15,1INCHUSDT,0.54,0.569,0.533,0.568,11378709.9,6261454.8494,20632
1676332800000,2023-02-14,1INCHUSDT,0.531,0.543,0.523,0.541,6744073.1,3604202.5666,14944
1676246400000,2023-02-13,1INCHUSDT,0.533,0.538,0.512,0.53,11731346.4,6170650.2255,20893
1676160000000,2023-02-12,1INCHUSDT,0.541,0.546,0.521,0.533,5909909.1,3172477.9081,12559
1676073600000,2023-02-11,1INCHUSDT,0.532,0.542,0.527,0.54,2287920.7,1218359.3221,6598
1675987200000,2023-02-10,1INCHUSDT,0.528,0.541,0.521,0.532,7121653.8,3786391.817,14931
1675900800000,2023-02-09,1INCHUSDT,0.565,0.573,0.512,0.528,20524104.7,11130324.8294,35760
1675814400000,2023-02-08,1INCHUSDT,0.587,0.597,0.545,0.565,8949136.1,5116684.9161,17384
1675728000000,2023-02-07,1INCHUSDT,0.554,0.59,0.545,0.586,12221668.6,6952065.4912,23127
1675641600000,2023-02-06,1INCHUSDT,0.56,0.596,0.551,0.554,10888769.6,6211997.87,21868
1675555200000,2023-02-05,1INCHUSDT,0.582,0.623,0.535,0.56,25218025.4,14838857.3559,48410
1675468800000,2023-02-04,1INCHUSDT,0.566,0.604,0.552,0.582,17772649.9,10335933.3202,32250
1675382400000,2023-02-03,1INCHUSDT,0.541,0.575,0.535,0.566,12579562.0,6973352.6085,22564
1675296000000,2023-02-02,1INCHUSDT,0.528,0.576,0.527,0.54,16884886.6,9247674.134,32549
1675209600000,2023-02-01,1INCHUSDT,0.513,0.53,0.489,0.528,16067525.4,8171449.7869,23672
1675123200000,2023-01-31,1INCHUSDT,0.509,0.518,0.502,0.514,6773150.3,3463424.6461,11711
1675036800000,2023-01-30,1INCHUSDT,0.541,0.545,0.489,0.509,11915161.3,6132506.0058,22688
1674950400000,2023-01-29,1INCHUSDT,0.529,0.543,0.519,0.542,7049689.3,3762294.774,13437
1674864000000,2023-01-28,1INCHUSDT,0.537,0.55,0.517,0.528,5567883.5,2961298.5516,12827
1674777600000,2023-01-27,1INCHUSDT,0.527,0.54,0.506,0.537,8637433.0,4496105.0506,18151
1674691200000,2023-01-26,1INCHUSDT,0.535,0.549,0.513,0.527,8776268.0,4659793.6762,18307
1674604800000,2023-01-25,1INCHUSDT,0.513,0.585,0.498,0.534,25506017.3,13474502.7183,53161
1674518400000,2023-01-24,1INCHUSDT,0.535,0.547,0.5,0.513,12499729.4,6613421.4389,23743
1674432000000,2023-01-23,1INCHUSDT,0.513,0.552,0.513,0.535,15258451.9,8159077.4829,33774
1674345600000,2023-01-22,1INCHUSDT,0.501,0.543,0.494,0.513,15509998.8,8098988.4483,30176
1674259200000,2023-01-21,1INCHUSDT,0.493,0.518,0.48,0.501,12707424.7,6396216.3029,26248
1674172800000,2023-01-20,1INCHUSDT,0.463,0.494,0.453,0.494,6774485.3,3177689.6703,22185
1674086400000,2023-01-19,1INCHUSDT,0.446,0.478,0.446,0.463,13685898.0,6290811.1604,27668
1674000000000,2023-01-18,1INCHUSDT,0.48,0.487,0.44,0.446,9190510.7,4232671.0774,18419
1673913600000,2023-01-17,1INCHUSDT,0.488,0.498,0.476,0.479,5433994.5,2633550.991,11002
1673827200000,2023-01-16,1INCHUSDT,0.5,0.513,0.47,0.488,9197598.3,4542836.03,17076
1673740800000,2023-01-15,1INCHUSDT,0.482,0.504,0.47,0.5,8888790.4,4345471.3276,17054
1673654400000,2023-01-14,1INCHUSDT,0.465,0.503,0.449,0.481,17309531.3,8335546.6979,27888
1673568000000,2023-01-13,1INCHUSDT,0.451,0.468,0.443,0.465,4559780.2,2072463.5274,9175
1673481600000,2023-01-12,1INCHUSDT,0.435,0.455,0.428,0.45,7158139.8,3159784.9246,16923
1673395200000,2023-01-11,1INCHUSDT,0.432,0.437,0.413,0.434,4517981.1,1908262.7996,15063
1673308800000,2023-01-10,1INCHUSDT,0.421,0.437,0.416,0.432,6893896.7,2964085.2786,14983
1673222400000,2023-01-09,1INCHUSDT,0.41,0.435,0.407,0.422,7912343.4,3344252.5262,12821
1673136000000,2023-01-08,1INCHUSDT,0.398,0.412,0.393,0.409,5202312.2,2101479.2808,7128
1673049600000,2023-01-07,1INCHUSDT,0.396,0.401,0.393,0.398,1834895.3,728954.6993,3543
1672963200000,2023-01-06,1INCHUSDT,0.388,0.398,0.381,0.397,6144865.6,2385048.6177,9065
1672876800000,2023-01-05,1INCHUSDT,0.395,0.413,0.385,0.388,7500827.3,2952470.4513,16805
1672790400000,2023-01-04,1INCHUSDT,0.387,0.403,0.384,0.395,4034141.8,1594019.7914,14140
1672704000000,2023-01-03,1INCHUSDT,0.395,0.4,0.382,0.386,3465795.5,1355286.2025,10382
1672617600000,2023-01-02,1INCHUSDT,0.386,0.399,0.378,0.396,2408420.6,935685.1981,5338
1672531200000,2023-01-01,1INCHUSDT,0.383,0.387,0.38,0.386,1003164.7,384439.0836,2375
1672444800000,2022-12-31,1INCHUSDT,0.377,0.392,0.374,0.383,2613452.1,1008520.3098,4910
1672358400000,2022-12-30,1INCHUSDT,0.381,0.387,0.371,0.376,2167412.3,817993.1975,9167
1672272000000,2022-12-29,1INCHUSDT,0.384,0.387,0.374,0.382,4136422.6,1574224.9509,10894
1672185600000,2022-12-28,1INCHUSDT,0.401,0.402,0.38,0.384,3668751.6,1425886.3067,11054
1672099200000,2022-12-27,1INCHUSDT,0.406,0.415,0.396,0.401,3215882.1,1296194.1525,7291
1672012800000,2022-12-26,1INCHUSDT,0.399,0.407,0.396,0.405,1644031.1,662737.9466,4111
1671926400000,2022-12-25,1INCHUSDT,0.4,0.402,0.389,0.398,1670914.4,660561.1817,4164
1671840000000,2022-12-24,1INCHUSDT,0.398,0.403,0.397,0.399,870923.7,348672.6164,2594
1671753600000,2022-12-23,1INCHUSDT,0.397,0.399,0.39,0.398,1445583.8,570731.1934,9499
1671667200000,2022-12-22,1INCHUSDT,0.399,0.402,0.389,0.397,1901395.0,754274.1444,6469
1671580800000,2022-12-21,1INCHUSDT,0.404,0.407,0.394,0.399,3102214.7,1237016.5354,4871
1671494400000,2022-12-20,1INCHUSDT,0.381,0.407,0.379,0.404,3573832.8,1417442.624,5752
1671408000000,2022-12-19,1INCHUSDT,0.391,0.402,0.381,0.382,4999108.7,1970043.823,8321
1671321600000,2022-12-18,1INCHUSDT,0.389,0.395,0.382,0.39,1758512.0,683868.1432,3351
1671235200000,2022-12-17,1INCHUSDT,0.385,0.396,0.376,0.389,5806434.7,2220471.7112,9533
1671148800000,2022-12-16,1INCHUSDT,0.424,0.43,0.365,0.385,9279721.2,3679454.2721,17550
1671062400000,2022-12-15,1INCHUSDT,0.431,0.436,0.422,0.424,2125828.9,910763.3972,3903
1670976000000,2022-12-14,1INCHUSDT,0.442,0.445,0.428,0.432,3226134.3,1411965.7345,5970
1670889600000,2022-12-13,1INCHUSDT,0.432,0.444,0.417,0.442,4930993.7,2131351.9447,8466
1670803200000,2022-12-12,1INCHUSDT,0.435,0.435,0.412,0.431,4389545.4,1859848.6358,6889
1670716800000,2022-12-11,1INCHUSDT,0.444,0.451,0.433,0.435,2985448.5,1327211.9797,4380
1670630400000,2022-12-10,1INCHUSDT,0.441,0.447,0.44,0.443,3156757.6,1399156.1372,4088
1670544000000,2022-12-09,1INCHUSDT,0.448,0.451,0.432,0.441,4929816.5,2184145.1409,7183
1670457600000,2022-12-08,1INCHUSDT,0.443,0.449,0.43,0.447,7579850.2,3320180.4829,10019
1670371200000,2022-12-07,1INCHUSDT,0.475,0.476,0.429,0.444,16044687.3,7235945.7782,20331
1670284800000,2022-12-06,1INCHUSDT,0.484,0.49,0.467,0.476,10745041.1,5115601.6939,16756
1670198400000,2022-12-05,1INCHUSDT,0.497,0.504,0.48,0.484,9950352.4,4881879.7639,16658
1670112000000,2022-12-04,1INCHUSDT,0.487,0.499,0.486,0.497,4155012.1,2046354.398,8605
1670025600000,2022-12-03,1INCHUSDT,0.504,0.507,0.481,0.487,11276261.1,5608353.4839,17745
1669939200000,2022-12-02,1INCHUSDT,0.51,0.512,0.495,0.504,12040613.0,6039052.4934,20852
1669852800000,2022-12-01,1INCHUSDT,0.527,0.528,0.504,0.51,4756502.1,2443127.9573,10178
1669766400000,2022-11-30,1INCHUSDT,0.519,0.532,0.512,0.527,3803624.2,1989438.0725,8580
1669680000000,2022-11-29,1INCHUSDT,0.516,0.525,0.509,0.519,2769089.2,1431940.3427,6703
1669593600000,2022-11-28,1INCHUSDT,0.519,0.541,0.5,0.516,4539510.8,2347953.994,12853
1669507200000,2022-11-27,1INCHUSDT,0.519,0.563,0.515,0.52,7961920.0,4300467.7483,19919
1669420800000,2022-11-26,1INCHUSDT,0.517,0.527,0.514,0.52,1875382.6,977724.9566,5833
1669334400000,2022-11-25,1INCHUSDT,0.528,0.528,0.512,0.518,2078930.6,1075514.4974,5635
1669248000000,2022-11-24,1INCHUSDT,0.546,0.548,0.522,0.527,2778949.1,1483244.7711,7231
1669161600000,2022-11-23,1INCHUSDT,0.538,0.547,0.529,0.546,3182885.8,1713805.2581,8974
1669075200000,2022-11-22,1INCHUSDT,0.502,0.538,0.5,0.537,4627309.0,2393408.109,21753
1668988800000,2022-11-21,1INCHUSDT,0.504,0.509,0.489,0.503,4028140.1,2013744.3158,11746
1668902400000,2022-11-20,1INCHUSDT,0.538,0.541,0.502,0.504,2331726.4,1219667.2061,8352
1668816000000,2022-11-19,1INCHUSDT,0.529,0.548,0.518,0.538,3569148.7,1906405.6268,8345
1668729600000,2022-11-18,1INCHUSDT,0.516,0.535,0.515,0.529,3184551.2,1681502.1169,7352
1668643200000,2022-11-17,1INCHUSDT,0.523,0.526,0.504,0.516,44063424.4,22716713.4114,30030
1668556800000,2022-11-16,1INCHUSDT,0.531,0.544,0.513,0.522,4315717.0,2282973.9271,11317
1668470400000,2022-11-15,1INCHUSDT,0.515,0.544,0.508,0.531,5465781.4,2882180.1079,15461
1668384000000,2022-11-14,1INCHUSDT,0.521,0.525,0.473,0.516,10876604.0,5474793.6837,25162
1668297600000,2022-11-13,1INCHUSDT,0.508,0.531,0.49,0.521,11158675.2,5713107.139,29106
1668211200000,2022-11-12,1INCHUSDT,0.56,0.56,0.497,0.508,10043993.3,5150811.3454,23517
1668124800000,2022-11-11,1INCHUSDT,0.57,0.571,0.54,0.56,10395582.6,5746309.9519,22959
1668038400000,2022-11-10,1INCHUSDT,0.529,0.575,0.519,0.57,26698083.4,14681770.8612,49709
1667952000000,2022-11-09,1INCHUSDT,0.555,0.56,0.515,0.529,20840128.5,11172643.7755,41350
1667865600000,2022-11-08,1INCHUSDT,0.634,0.64,0.516,0.555,21336126.7,12382089.1834,51844
1667779200000,2022-11-07,1INCHUSDT,0.634,0.662,0.622,0.635,8017818.0,5136828.294,21432
1667692800000,2022-11-06,1INCHUSDT,0.647,0.675,0.629,0.634,9554653.4,6285584.6234,26723
1667606400000,2022-11-05,1INCHUSDT,0.652,0.664,0.632,0.646,7098888.7,4631428.5092,18800
1667520000000,2022-11-04,1INCHUSDT,0.608,0.653,0.605,0.653,10692416.5,6794499.5352,24434
1667433600000,2022-11-03,1INCHUSDT,0.59,0.616,0.589,0.608,6995875.0,4241724.8201,16340
1667347200000,2022-11-02,1INCHUSDT,0.607,0.611,0.577,0.59,4789845.9,2860100.1379,14041
1667260800000,2022-11-01,1INCHUSDT,0.612,0.626,0.606,0.607,3059128.9,1878791.924,7954
1667174400000,2022-10-31,1INCHUSDT,0.614,0.647,0.604,0.612,10901029.6,6821328.9988,23529
1667088000000,2022-10-30,1INCHUSDT,0.625,0.634,0.601,0.614,5022154.9,3095348.2793,12766
1667001600000,2022-10-29,1INCHUSDT,0.613,0.637,0.609,0.625,6183444.3,3845886.847,17070
1666915200000,2022-10-28,1INCHUSDT,0.594,0.622,0.583,0.614,5449405.9,3290002.8707,14491
1666828800000,2022-10-27,1INCHUSDT,0.609,0.623,0.592,0.595,4939785.2,3000491.8718,14122
1666742400000,2022-10-26,1INCHUSDT,0.583,0.618,0.582,0.61,6299487.6,3795650.4718,16547
1666656000000,2022-10-25,1INCHUSDT,0.567,0.594,0.565,0.582,4895718.2,2838019.0082,11455
1666569600000,2022-10-24,1INCHUSDT,0.58,0.584,0.56,0.566,3315793.0,1885354.1812,7933
1666483200000,2022-10-23,1INCHUSDT,0.571,0.581,0.559,0.58,3144344.7,1799831.6288,7584
1666396800000,2022-10-22,1INCHUSDT,0.569,0.574,0.558,0.571,2117292.8,1197732.2842,6510
1666310400000,2022-10-21,1INCHUSDT,0.562,0.571,0.543,0.568,7463365.8,4164708.6444,13044
1666224000000,2022-10-20,1INCHUSDT,0.566,0.582,0.555,0.563,5379152.6,3050649.8664,11749
1666137600000,2022-10-19,1INCHUSDT,0.57,0.583,0.557,0.566,5919072.9,3371118.1875,12484
1666051200000,2022-10-18,1INCHUSDT,0.577,0.583,0.561,0.57,3562220.0,2036406.8216,10317
1665964800000,2022-10-17,1INCHUSDT,0.569,0.578,0.562,0.576,2490379.5,1425373.8728,6674
1665878400000,2022-10-16,1INCHUSDT,0.561,0.572,0.559,0.569,2099078.3,1187347.8722,5316
1665792000000,2022-10-15,1INCHUSDT,0.561,0.569,0.556,0.562,1721052.3,969059.5502,4979
1665705600000,2022-10-14,1INCHUSDT,0.562,0.579,0.553,0.56,4144935.8,2351471.9525,9902
1665619200000,2022-10-13,1INCHUSDT,0.569,0.571,0.535,0.563,10187618.7,5637076.2048,24661
1665532800000,2022-10-12,1INCHUSDT,0.562,0.574,0.561,0.569,1589482.3,903790.817,4981
1665446400000,2022-10-11,1INCHUSDT,0.577,0.577,0.558,0.563,3135898.1,1773266.2102,9427
1665360000000,2022-10-10,1INCHUSDT,0.607,0.62,0.574,0.575,4354835.6,2594752.2372,13703
1665273600000,2022-10-09,1INCHUSDT,0.599,0.612,0.597,0.608,2965651.3,1790288.4722,8624
1665187200000,2022-10-08,1INCHUSDT,0.614,0.627,0.593,0.6,5983686.9,3623193.3339,17482
1665100800000,2022-10-07,1INCHUSDT,0.575,0.658,0.572,0.614,22922676.8,14147579.1857,51654
1665014400000,2022-10-06,1INCHUSDT,0.585,0.594,0.572,0.574,2878333.6,1681806.1894,8037
1664928000000,2022-10-05,1INCHUSDT,0.585,0.59,0.567,0.585,2460658.2,1423235.5293,6733
1664841600000,2022-10-04,1INCHUSDT,0.573,0.59,0.57,0.585,1721773.9,998372.5631,5257
1664755200000,2022-10-03,1INCHUSDT,0.553,0.576,0.544,0.573,2370154.8,1336564.6301,7226
1664668800000,2022-10-02,1INCHUSDT,0.575,0.578,0.552,0.553,1964452.4,1107585.0712,6473
1664582400000,2022-10-01,1INCHUSDT,0.576,0.58,0.572,0.574,1068018.4,616308.3009,2983
1664496000000,2022-09-30,1INCHUSDT,0.585,0.591,0.571,0.576,3867478.3,2251243.007,10657
1664409600000,2022-09-29,1INCHUSDT,0.586,0.595,0.573,0.585,4419603.6,2574944.4306,10658
1664323200000,2022-09-28,1INCHUSDT,0.608,0.612,0.574,0.585,6771208.7,3966145.3885,17015
1664236800000,2022-09-27,1INCHUSDT,0.626,0.649,0.601,0.607,7028447.5,4430141.1809,19038
1664150400000,2022-09-26,1INCHUSDT,0.6,0.636,0.597,0.625,6851365.9,4234427.2286,19641
1664064000000,2022-09-25,1INCHUSDT,0.606,0.627,0.591,0.6,3551515.5,2183335.201,10298
1663977600000,2022-09-24,1INCHUSDT,0.609,0.626,0.602,0.606,2666256.0,1635674.0876,7744
1663891200000,2022-09-23,1INCHUSDT,0.593,0.619,0.584,0.609,5976050.6,3599788.4497,17173
1663804800000,2022-09-22,1INCHUSDT,0.562,0.597,0.559,0.592,4236560.0,2453076.8541,11656
1663718400000,2022-09-21,1INCHUSDT,0.6,0.609,0.553,0.562,7453229.1,4347706.5039,20060
1663632000000,2022-09-20,1INCHUSDT,0.595,0.609,0.585,0.599,4057056.1,2426082.3908,11253
1663545600000,2022-09-19,1INCHUSDT,0.571,0.602,0.554,0.595,6492952.3,3752419.4637,16560
1663459200000,2022-09-18,1INCHUSDT,0.628,0.639,0.534,0.571,5400791.5,3222868.3652,19732
1663372800000,2022-09-17,1INCHUSDT,0.617,0.63,0.609,0.627,2639980.3,1628933.0985,6777
1663286400000,2022-09-16,1INCHUSDT,0.592,0.625,0.582,0.616,6344667.9,3853191.2654,15597
1663200000000,2022-09-15,1INCHUSDT,0.613,0.62,0.587,0.592,4304721.5,2589535.5594,12782
1663113600000,2022-09-14,1INCHUSDT,0.594,0.618,0.59,0.613,4604617.9,2791015.7767,16089
1663027200000,2022-09-13,1INCHUSDT,0.647,0.658,0.59,0.594,7211523.2,4521323.5319,20878
1662940800000,2022-09-12,1INCHUSDT,0.649,0.675,0.634,0.647,5242458.3,3424473.7919,18244
1662854400000,2022-09-11,1INCHUSDT,0.657,0.673,0.635,0.649,4543510.3,2995951.6964,12516
1662768000000,2022-09-10,1INCHUSDT,0.658,0.681,0.647,0.657,5024572.9,3323170.5614,14121
1662681600000,2022-09-09,1INCHUSDT,0.639,0.678,0.638,0.657,6716877.1,4415131.7618,18084
1662595200000,2022-09-08,1INCHUSDT,0.631,0.644,0.615,0.638,4063490.7,2558053.1916,11715
1662508800000,2022-09-07,1INCHUSDT,0.608,0.636,0.592,0.631,3867496.4,2379804.1857,12403
1662422400000,2022-09-06,1INCHUSDT,0.663,0.676,0.6,0.608,7050421.5,4512232.193,21728
1662336000000,2022-09-05,1INCHUSDT,0.672,0.677,0.649,0.663,2942877.3,1942099.2452,9503
1662249600000,2022-09-04,1INCHUSDT,0.688,0.692,0.659,0.673,3151976.7,2118635.1681,10738
1662163200000,2022-09-03,1INCHUSDT,0.712,0.713,0.677,0.687,2952860.2,2034109.5575,11291
1662076800000,2022-09-02,1INCHUSDT,0.669,0.739,0.663,0.713,13301647.4,9539445.086,41403
1661990400000,2022-09-01,1INCHUSDT,0.663,0.672,0.636,0.668,3938830.0,2579265.8763,13626
1661904000000,2022-08-31,1INCHUSDT,0.654,0.71,0.653,0.662,5430553.2,3731010.3108,18810
1661817600000,2022-08-30,1INCHUSDT,0.671,0.685,0.637,0.653,2678665.9,1778698.2069,10329
1661731200000,2022-08-29,1INCHUSDT,0.632,0.676,0.626,0.671,3810295.6,2490818.7969,11448
1661644800000,2022-08-28,1INCHUSDT,0.652,0.67,0.63,0.631,2083741.5,1360875.475,8256
1661558400000,2022-08-27,1INCHUSDT,0.661,0.665,0.644,0.652,2719879.5,1781457.4778,10909
1661472000000,2022-08-26,1INCHUSDT,0.743,0.747,0.655,0.661,4529157.6,3214714.9024,16990
1661385600000,2022-08-25,1INCHUSDT,0.721,0.752,0.721,0.744,2917799.4,2159650.123,11584
1661299200000,2022-08-24,1INCHUSDT,0.725,0.741,0.708,0.723,2808555.1,2035487.0223,11746
1661212800000,2022-08-23,1INCHUSDT,0.699,0.73,0.684,0.725,4314517.7,3065802.0664,16374
1661126400000,2022-08-22,1INCHUSDT,0.701,0.702,0.658,0.7,2811104.8,1904536.2755,11832
1661040000000,2022-08-21,1INCHUSDT,0.675,0.713,0.674,0.7,2609601.5,1810081.6143,12004
1660953600000,2022-08-20,1INCHUSDT,0.678,0.701,0.658,0.674,2960065.5,2015478.7865,12499
1660867200000,2022-08-19,1INCHUSDT,0.733,0.735,0.654,0.677,7484228.4,5177206.6276,28768
1660780800000,2022-08-18,1INCHUSDT,0.773,0.785,0.72,0.733,4051105.5,3088543.8125,16109
1660694400000,2022-08-17,1INCHUSDT,0.819,0.843,0.765,0.773,3839297.9,3082895.6962,18558
1660608000000,2022-08-16,1INCHUSDT,0.82,0.833,0.807,0.818,3091204.4,2532171.0386,13028
1660521600000,2022-08-15,1INCHUSDT,0.84,0.865,0.807,0.82,3791880.2,3158418.7194,16494
1660435200000,2022-08-14,1INCHUSDT,0.874,0.894,0.829,0.84,5495879.7,4716087.8524,19241
1660348800000,2022-08-13,1INCHUSDT,0.88,0.911,0.87,0.873,5307916.7,4707214.4612,22717
1660262400000,2022-08-12,1INCHUSDT,0.865,0.893,0.845,0.88,6141313.0,5336131.969,24773
1660176000000,2022-08-11,1INCHUSDT,0.882,0.896,0.858,0.864,7118378.3,6229047.0162,33669
1660089600000,2022-08-10,1INCHUSDT,0.808,0.908,0.782,0.882,11307777.4,9559848.8031,52128
1660003200000,2022-08-09,1INCHUSDT,0.838,0.877,0.791,0.808,10389545.4,8740326.9322,43475
1659916800000,2022-08-08,1INCHUSDT,0.806,0.865,0.804,0.837,7231575.6,6078944.5208,38979
1659830400000,2022-08-07,1INCHUSDT,0.808,0.824,0.797,0.806,3014730.0,2445682.2283,21560
1659744000000,2022-08-06,1INCHUSDT,0.832,0.846,0.803,0.808,3821168.5,3156887.3742,23839
1659657600000,2022-08-05,1INCHUSDT,0.8,0.858,0.799,0.832,8390557.7,6970663.5467,40540
1659571200000,2022-08-04,1INCHUSDT,0.766,0.833,0.764,0.799,7231770.9,5760047.2309,32041
1659484800000,2022-08-03,1INCHUSDT,0.742,0.814,0.724,0.766,7304968.7,5722462.9092,28367
1659398400000,2022-08-02,1INCHUSDT,0.77,0.781,0.715,0.742,7111378.1,5272590.7616,24989
1659312000000,2022-08-01,1INCHUSDT,0.761,0.796,0.742,0.77,9499727.5,7275622.5347,28452
1659225600000,2022-07-31,1INCHUSDT,0.766,0.828,0.752,0.762,10302746.5,8132910.5125,37789
1659139200000,2022-07-30,1INCHUSDT,0.76,0.835,0.754,0.766,13329455.4,10548403.3299,46759
1659052800000,2022-07-29,1INCHUSDT,0.773,0.79,0.739,0.76,11756504.5,9020444.2466,33160
1658966400000,2022-07-28,1INCHUSDT,0.695,0.815,0.683,0.773,22371227.5,16777574.1589,62313
1658880000000,2022-07-27,1INCHUSDT,0.636,0.696,0.619,0.694,6740096.0,4412592.0963,21663
1658793600000,2022-07-26,1INCHUSDT,0.624,0.637,0.605,0.636,4078079.7,2511432.5001,13651
1658707200000,2022-07-25,1INCHUSDT,0.676,0.68,0.622,0.623,5940928.8,3843606.2832,18290
1658620800000,2022-07-24,1INCHUSDT,0.68,0.698,0.672,0.675,4415919.0,3023489.7494,14482
1658534400000,2022-07-23,1INCHUSDT,0.661,0.703,0.653,0.68,6036632.7,4092577.5668,21063
1658448000000,2022-07-22,1INCHUSDT,0.688,0.716,0.655,0.661,7468326.8,5169767.3792,23474
1658361600000,2022-07-21,1INCHUSDT,0.676,0.697,0.647,0.688,6515299.0,4367300.3978,22061
1658275200000,2022-07-20,1INCHUSDT,0.736,0.75,0.667,0.677,8226145.5,5863913.1201,29661
1658188800000,2022-07-19,1INCHUSDT,0.718,0.777,0.71,0.736,13268089.8,9751551.9446,47961
1658102400000,2022-07-18,1INCHUSDT,0.646,0.737,0.643,0.718,14734355.9,10325235.5261,47431
1658016000000,2022-07-17,1INCHUSDT,0.667,0.683,0.64,0.646,5478304.0,3616095.2189,17822
1657929600000,2022-07-16,1INCHUSDT,0.653,0.675,0.632,0.667,5920963.6,3867901.2324,16006
1657843200000,2022-07-15,1INCHUSDT,0.616,0.697,0.604,0.653,17093737.4,11237204.5859,49807
1657756800000,2022-07-14,1INCHUSDT,0.594,0.626,0.568,0.616,5462197.6,3261431.3202,15597
1657670400000,2022-07-13,1INCHUSDT,0.56,0.597,0.54,0.594,4608931.5,2629530.7874,14684
1657584000000,2022-07-12,1INCHUSDT,0.591,0.597,0.556,0.56,4453994.4,2588386.1449,12238
1657497600000,2022-07-11,1INCHUSDT,0.64,0.648,0.587,0.591,4680462.5,2915513.9237,13595
1657411200000,2022-07-10,1INCHUSDT,0.697,0.709,0.633,0.64,8634312.6,5677077.8354,19959
1657324800000,2022-07-09,1INCHUSDT,0.687,0.715,0.673,0.696,4539554.4,3117835.5652,14539
1657238400000,2022-07-08,1INCHUSDT,0.644,0.719,0.642,0.688,13877718.4,9563703.5192,41651
1657152000000,2022-07-07,1INCHUSDT,0.625,0.654,0.619,0.644,5473806.8,3479582.7343,15340
1657065600000,2022-07-06,1INCHUSDT,0.623,0.635,0.61,0.626,5609252.8,3487920.6367,13433
1656979200000,2022-07-05,1INCHUSDT,0.637,0.658,0.598,0.622,7648554.3,4796655.2203,20927
1656892800000,2022-07-04,1INCHUSDT,0.628,0.641,0.605,0.638,5538155.7,3449381.6239,16933
1656806400000,2022-07-03,1INCHUSDT,0.636,0.641,0.609,0.628,2483287.5,1550905.5569,8531
1656720000000,2022-07-02,1INCHUSDT,0.654,0.661,0.621,0.637,3866112.2,2455331.7156,11549
1656633600000,2022-07-01,1INCHUSDT,0.695,0.713,0.644,0.654,7750946.1,5192270.2399,25479
1656547200000,2022-06-30,1INCHUSDT,0.709,0.751,0.656,0.695,9114411.5,6356694.3977,32965
1656460800000,2022-06-29,1INCHUSDT,0.742,0.779,0.694,0.709,10991740.6,8149352.2557,35494
1656374400000,2022-06-28,1INCHUSDT,0.673,0.809,0.641,0.742,41498116.5,31426423.6759,119089
1656288000000,2022-06-27,1INCHUSDT,0.692,0.725,0.647,0.673,8432329.7,5742312.3406,22501
1656201600000,2022-06-26,1INCHUSDT,0.729,0.786,0.689,0.692,7977476.9,6011120.19,30971
1656115200000,2022-06-25,1INCHUSDT,0.754,0.769,0.696,0.729,6168805.6,4541173.2188,22265
1656028800000,2022-06-24,1INCHUSDT,0.713,0.783,0.695,0.754,10480463.7,7731554.1907,35755
1655942400000,2022-06-23,1INCHUSDT,0.689,0.716,0.667,0.713,5391759.4,3744919.4057,19442
1655856000000,2022-06-22,1INCHUSDT,0.69,0.751,0.646,0.688,15084374.9,10439967.0205,49389
1655769600000,2022-06-21,1INCHUSDT,0.686,0.736,0.657,0.691,15408985.1,10841196.2457,50863
1655683200000,2022-06-20,1INCHUSDT,0.581,0.726,0.558,0.686,19403224.0,13117747.9239,62016
1655596800000,2022-06-19,1INCHUSDT,0.551,0.587,0.529,0.58,4734019.6,2641115.982,14255
1655510400000,2022-06-18,1INCHUSDT,0.59,0.6,0.514,0.553,5448867.1,2974649.1906,16346
1655424000000,2022-06-17,1INCHUSDT,0.576,0.602,0.573,0.591,3596834.6,2122110.0974,11661
1655337600000,2022-06-16,1INCHUSDT,0.631,0.638,0.568,0.577,9404133.3,5742683.0005,20599
1655251200000,2022-06-15,1INCHUSDT,0.592,0.635,0.537,0.631,12499983.04,7185413.89077,33252
1655164800000,2022-06-14,1INCHUSDT,0.6,0.606,0.553,0.593,7215656.5,4218928.1905,19271
1655078400000,2022-06-13,1INCHUSDT,0.652,0.661,0.565,0.6,15049746.4,9087836.9013,35103
1654992000000,2022-06-12,1INCHUSDT,0.696,0.72,0.648,0.651,6873585.8,4636849.3625,21028
1654905600000,2022-06-11,1INCHUSDT,0.759,0.772,0.69,0.695,5525600.3,3981166.136793,18517
1654819200000,2022-06-10,1INCHUSDT,0.802,0.803,0.743,0.758,5690136.2,4398449.1059,17453
1654732800000,2022-06-09,1INCHUSDT,0.816,0.823,0.796,0.803,3944399.6,3208388.6692,12866
1654646400000,2022-06-08,1INCHUSDT,0.846,0.853,0.808,0.817,7735375.5,6437827.26,23667
1654560000000,2022-06-07,1INCHUSDT,0.874,0.875,0.818,0.846,6854869.8,5786141.4005,22565
1654473600000,2022-06-06,1INCHUSDT,0.859,0.898,0.856,0.875,6418614.5,5651223.5476,23006
1654387200000,2022-06-05,1INCHUSDT,0.869,0.871,0.849,0.859,1891114.4,1625916.8633,7284
1654300800000,2022-06-04,1INCHUSDT,0.874,0.882,0.851,0.87,3265404.4,2817279.1757,9723
1654214400000,2022-06-03,1INCHUSDT,0.934,0.934,0.86,0.874,8677549.6,7722578.6357,25888
1654128000000,2022-06-02,1INCHUSDT,0.952,0.954,0.9,0.933,12037198.8,11090155.569,32652
1654041600000,2022-06-01,1INCHUSDT,0.969,0.994,0.939,0.951,8541892.7,8219800.0438,27202
1653955200000,2022-05-31,1INCHUSDT,1.006,1.014,0.959,0.969,8513820.5,8331841.0003,31109
1653868800000,2022-05-30,1INCHUSDT,0.92,1.007,0.91,1.005,6005467.9,5807198.2524,24000
1653782400000,2022-05-29,1INCHUSDT,0.916,0.93,0.897,0.921,3131144.8,2857214.7626,11952
1653696000000,2022-05-28,1INCHUSDT,0.899,0.927,0.892,0.916,3042572.7,2781092.7756,13568
1653609600000,2022-05-27,1INCHUSDT,0.914,0.925,0.886,0.898,5644321.2,5103259.5197,27173
1653523200000,2022-05-26,1INCHUSDT,0.967,0.981,0.882,0.914,8065103.2,7404116.3886,31968
1653436800000,2022-05-25,1INCHUSDT,0.995,1.008,0.953,0.968,3546980.0,3457976.7833,15433
1653350400000,2022-05-24,1INCHUSDT,0.953,1.03,0.95,0.995,5104610.0,5061788.0605,24508
1653264000000,2022-05-23,1INCHUSDT,0.996,1.055,0.944,0.954,7126813.4,7179951.8866,33534
1653177600000,2022-05-22,1INCHUSDT,0.963,1.017,0.948,0.997,5389081.1,5305110.1138,21699
1653091200000,2022-05-21,1INCHUSDT,0.915,0.972,0.907,0.963,2919048.6,2735921.2011,14396
1653004800000,2022-05-20,1INCHUSDT,0.932,0.941,0.905,0.915,5866890.9,5425858.4571,25512
1652918400000,2022-05-19,1INCHUSDT,0.906,0.937,0.89,0.931,8382658.2,7654182.2876,30377
1652832000000,2022-05-18,1INCHUSDT,0.96,0.97,0.896,0.906,6354145.1,5853956.0619,27363
1652745600000,2022-05-17,1INCHUSDT,0.924,0.979,0.916,0.96,6323943.6,5972694.6401,24807
1652659200000,2022-05-16,1INCHUSDT,0.979,0.98,0.91,0.923,6416212.8,5957435.9414,30565
1652572800000,2022-05-15,1INCHUSDT,0.941,0.986,0.909,0.979,7241836.8,6799966.648,33163
1652486400000,2022-05-14,1INCHUSDT,0.916,0.958,0.892,0.941,12967397.1,12038049.429,51910
1652400000000,2022-05-13,1INCHUSDT,0.811,0.951,0.786,0.915,15129754.1,13650519.2031,69912
1652313600000,2022-05-12,1INCHUSDT,1.012,1.056,0.705,0.81,27917967.2,23159312.04096,133740
1652227200000,2022-05-11,1INCHUSDT,1.041,1.077,0.908,1.015,41067879.9,41646602.892492,193061
1652140800000,2022-05-10,1INCHUSDT,1.01,1.139,0.996,1.043,25435998.25,27060636.7634,128720
1652054400000,2022-05-09,1INCHUSDT,1.301,1.369,1.001,1.011,27938080.9,34800042.850944,138294
1651968000000,2022-05-08,1INCHUSDT,1.303,1.331,1.275,1.301,10464577.1,13655000.4487,52950
1651881600000,2022-05-07,1INCHUSDT,1.356,1.359,1.276,1.303,14038920.4,18324506.3297,62277
1651795200000,2022-05-06,1INCHUSDT,1.287,1.374,1.266,1.355,30941838.5,40914044.182,143522
1651708800000,2022-05-05,1INCHUSDT,1.285,1.399,1.239,1.288,27783963.0,36229687.8715,150799
1651622400000,2022-05-04,1INCHUSDT,1.17,1.29,1.164,1.285,4533629.9,5501254.3677,30990
1651536000000,2022-05-03,1INCHUSDT,1.177,1.315,1.155,1.17,5505739.1,6594771.0515,31627
1651449600000,2022-05-02,1INCHUSDT,1.159,1.216,1.122,1.176,6136569.8,7176344.6168,35247
1651363200000,2022-05-01,1INCHUSDT,1.119,1.177,1.086,1.16,5869184.9,6632401.9493,36001
1651276800000,2022-04-30,1INCHUSDT,1.26,1.359,1.071,1.119,9106044.63,11364707.380905,62268
1651190400000,2022-04-29,1INCHUSDT,1.304,1.312,1.227,1.26,3722888.6,4712616.4861,28049
1651104000000,2022-04-28,1INCHUSDT,1.321,1.353,1.283,1.304,6468127.1,8492768.5261,33740
1651017600000,2022-04-27,1INCHUSDT,1.288,1.347,1.269,1.322,2942010.2,3873721.0548,19382
1650931200000,2022-04-26,1INCHUSDT,1.418,1.426,1.256,1.288,3242896.8,4354801.2856,25032
1650844800000,2022-04-25,1INCHUSDT,1.418,1.425,1.31,1.417,4088008.3,5555592.4175,30299
1650758400000,2022-04-24,1INCHUSDT,1.442,1.462,1.403,1.419,1687719.1,2418912.4173,14653
1650672000000,2022-04-23,1INCHUSDT,1.475,1.48,1.435,1.443,2248600.1,3288532.6373,17505
1650585600000,2022-04-22,1INCHUSDT,1.492,1.612,1.468,1.475,6933546.8,10777300.8726,45411
1650499200000,2022-04-21,1INCHUSDT,1.544,1.639,1.468,1.492,6764754.7,10717575.7082,56753
1650412800000,2022-04-20,1INCHUSDT,1.54,1.591,1.503,1.543,3356455.9,5182803.461,32174
1650326400000,2022-04-19,1INCHUSDT,1.494,1.542,1.477,1.541,2340430.9,3543013.3913,19697
1650240000000,2022-04-18,1INCHUSDT,1.461,1.497,1.379,1.494,3704093.9,5321652.0662,30534
1650153600000,2022-04-17,1INCHUSDT,1.512,1.524,1.452,1.461,2329363.2,3480170.3973,19491
1650067200000,2022-04-16,1INCHUSDT,1.52,1.532,1.483,1.512,1524107.1,2299670.894,13993
1649980800000,2022-04-15,1INCHUSDT,1.515,1.543,1.487,1.519,2293204.5,3477411.5935,17761
1649894400000,2022-04-14,1INCHUSDT,1.55,1.57,1.482,1.515,3707350.7,5672901.1345,27174
1649808000000,2022-04-13,1INCHUSDT,1.516,1.553,1.488,1.55,3074275.9,4684634.154,23346
1649721600000,2022-04-12,1INCHUSDT,1.462,1.523,1.443,1.515,3964681.3,5903210.4171,32428
1649635200000,2022-04-11,1INCHUSDT,1.586,1.603,1.421,1.461,6191289.7,9331015.4864,47584
1649548800000,2022-04-10,1INCHUSDT,1.664,1.665,1.582,1.586,2635201.4,4285768.4823,22699
1649462400000,2022-04-09,1INCHUSDT,1.577,1.669,1.574,1.663,3374041.6,5487824.059,28553
1649376000000,2022-04-08,1INCHUSDT,1.658,1.686,1.564,1.577,5194420.2,8496885.0738,46123
1649289600000,2022-04-07,1INCHUSDT,1.601,1.667,1.57,1.659,4620196.4,7515444.6328,42520
1649203200000,2022-04-06,1INCHUSDT,1.837,1.841,1.591,1.602,10426857.0,17766427.0437,98255
1649116800000,2022-04-05,1INCHUSDT,1.9,1.935,1.832,1.837,6048482.5,11391331.9703,58030
1649030400000,2022-04-04,1INCHUSDT,1.979,2.004,1.801,1.9,10113282.9,19254058.3885,96202
1648944000000,2022-04-03,1INCHUSDT,1.923,2.03,1.872,1.979,10296904.6,20216994.3706,98798
1648857600000,2022-04-02,1INCHUSDT,1.885,2.1,1.869,1.923,23781819.1,47283536.3711,257478
1648771200000,2022-04-01,1INCHUSDT,1.776,1.89,1.667,1.886,8683075.3,15498414.5033,91558
1648684800000,2022-03-31,1INCHUSDT,1.84,1.932,1.726,1.777,11429266.4,20943149.8606,125013
1648598400000,2022-03-30,1INCHUSDT,1.792,1.89,1.702,1.84,10035078.8,18237586.9481,99834
1648512000000,2022-03-29,1INCHUSDT,1.724,1.913,1.721,1.793,12927512.3,23576038.6751,126710
1648425600000,2022-03-28,1INCHUSDT,1.747,1.826,1.704,1.724,10971323.2,19594195.142,101746
1648339200000,2022-03-27,1INCHUSDT,1.626,1.767,1.625,1.747,13533487.9,22993602.0309,113739
1648252800000,2022-03-26,1INCHUSDT,1.573,1.635,1.555,1.626,4028358.6,6439904.9669,32419
1648166400000,2022-03-25,1INCHUSDT,1.63,1.657,1.544,1.572,6612276.9,10631267.6533,55798
1648080000000,2022-03-24,1INCHUSDT,1.613,1.648,1.563,1.63,8976337.3,14431269.2531,61905
1647993600000,2022-03-23,1INCHUSDT,1.547,1.627,1.521,1.614,7787000.0,12378265.4836,52557
1647907200000,2022-03-22,1INCHUSDT,1.531,1.594,1.529,1.547,6419458.5,10044283.5636,43430
1647820800000,2022-03-21,1INCHUSDT,1.557,1.595,1.512,1.531,5895618.8,9147450.4887,40538
1647734400000,2022-03-20,1INCHUSDT,1.634,1.66,1.529,1.557,7171965.2,11429930.1796,47187
1647648000000,2022-03-19,1INCHUSDT,1.588,1.745,1.583,1.633,11805212.0,19600350.7768,92725
1647561600000,2022-03-18,1INCHUSDT,1.482,1.626,1.448,1.588,15298755.9,23860621.7499,101479
1647475200000,2022-03-17,1INCHUSDT,1.509,1.549,1.46,1.482,6555169.1,9808246.6751,44841
1647388800000,2022-03-16,1INCHUSDT,1.353,1.543,1.346,1.509,17743365.3,26102904.5382,119844
1647302400000,2022-03-15,1INCHUSDT,1.335,1.369,1.286,1.353,2928368.1,3890299.1186,19815
1647216000000,2022-03-14,1INCHUSDT,1.308,1.348,1.293,1.335,2679684.5,3542595.2739,17816
1647129600000,2022-03-13,1INCHUSDT,1.33,1.417,1.294,1.309,5443497.9,7451709.5278,35086
1647043200000,2022-03-12,1INCHUSDT,1.318,1.38,1.316,1.332,3485859.1,4704146.0075,23399
1646956800000,2022-03-11,1INCHUSDT,1.374,1.375,1.305,1.319,3583511.4,4777318.6417,24705
1646870400000,2022-03-10,1INCHUSDT,1.375,1.472,1.285,1.374,10088429.7,13745341.8376,63289
1646784000000,2022-03-09,1INCHUSDT,1.296,1.4,1.288,1.376,4240404.3,5774561.0056,28344
1646697600000,2022-03-08,1INCHUSDT,1.271,1.322,1.265,1.297,2967445.2,3836456.8106,21999
1646611200000,2022-03-07,1INCHUSDT,1.302,1.333,1.23,1.272,5229646.2,6691678.7876,30809
1646524800000,2022-03-06,1INCHUSDT,1.357,1.37,1.291,1.303,3386333.5,4501250.1305,21033
1646438400000,2022-03-05,1INCHUSDT,1.348,1.366,1.299,1.358,2504652.5,3353881.9875,14368
1646352000000,2022-03-04,1INCHUSDT,1.437,1.442,1.322,1.348,5707293.2,7967510.8248,32280
1646265600000,2022-03-03,1INCHUSDT,1.497,1.514,1.402,1.437,3946893.3,5742599.3253,26549
1646179200000,2022-03-02,1INCHUSDT,1.522,1.547,1.466,1.497,5495037.0,8272002.033,37246
1646092800000,2022-03-01,1INCHUSDT,1.504,1.553,1.465,1.521,6344021.2,9557386.8484,44401
1646006400000,2022-02-28,1INCHUSDT,1.384,1.506,1.327,1.504,8626335.0,12030656.0072,46713
1645920000000,2022-02-27,1INCHUSDT,1.436,1.539,1.36,1.384,7545710.1,10810016.2468,47225
1645833600000,2022-02-26,1INCHUSDT,1.451,1.483,1.41,1.435,3089954.2,4457089.7894,20310
1645747200000,2022-02-25,1INCHUSDT,1.341,1.503,1.309,1.451,6010264.7,8318144.1785,37590
1645660800000,2022-02-24,1INCHUSDT,1.385,1.395,1.181,1.34,11892884.39,15084314.70934,56376
1645574400000,2022-02-23,1INCHUSDT,1.422,1.484,1.382,1.383,4136805.2,5965360.7965,24571
1645488000000,2022-02-22,1INCHUSDT,1.366,1.439,1.313,1.422,5189458.22,7140957.7771,27178
1645401600000,2022-02-21,1INCHUSDT,1.485,1.553,1.354,1.365,7972147.58,11664258.7572,42019
1645315200000,2022-02-20,1INCHUSDT,1.582,1.584,1.456,1.486,4341973.5,6498268.5966,26312
1645228800000,2022-02-19,1INCHUSDT,1.581,1.604,1.522,1.581,2894167.3,4541358.9768,18640
1645142400000,2022-02-18,1INCHUSDT,1.659,1.68,1.554,1.582,7961020.2,12929601.4061,34162
1645056000000,2022-02-17,1INCHUSDT,1.803,1.828,1.643,1.659,6428596.1,11172088.8271,39221
1644969600000,2022-02-16,1INCHUSDT,1.798,1.872,1.748,1.8,5538940.2,10040459.7964,42343
1644883200000,2022-02-15,1INCHUSDT,1.698,1.802,1.687,1.798,3404717.4,5955337.1797,24588
1644796800000,2022-02-14,1INCHUSDT,1.657,1.738,1.621,1.697,5403910.9,9132413.4778,33732
1644710400000,2022-02-13,1INCHUSDT,1.691,1.707,1.612,1.657,2937267.8,4890846.7948,19192
1644624000000,2022-02-12,1INCHUSDT,1.714,1.74,1.646,1.691,3418141.7,5770937.5316,23505
1644537600000,2022-02-11,1INCHUSDT,1.8,1.842,1.679,1.717,5627126.3,9975865.3807,39380
1644451200000,2022-02-10,1INCHUSDT,1.923,1.95,1.779,1.799,9186581.4,17212072.0942,60070
1644364800000,2022-02-09,1INCHUSDT,1.86,1.955,1.837,1.923,6579507.4,12452784.718,43737
1644278400000,2022-02-08,1INCHUSDT,1.94,1.983,1.783,1.859,8263251.8,15507445.5189,65216
1644192000000,2022-02-07,1INCHUSDT,1.86,1.962,1.799,1.94,6887980.7,13075509.0534,61367
1644105600000,2022-02-06,1INCHUSDT,1.788,1.868,1.756,1.859,5375027.6,9785932.4423,42721
1644019200000,2022-02-05,1INCHUSDT,1.764,1.847,1.747,1.787,6516100.0,11702137.6396,47759
1643932800000,2022-02-04,1INCHUSDT,1.66,1.766,1.646,1.764,7780391.7,13294261.9564,44713
1643846400000,2022-02-03,1INCHUSDT,1.631,1.665,1.58,1.66,4072652.7,6606046.6059,24140
1643760000000,2022-02-02,1INCHUSDT,1.706,1.75,1.603,1.631,5293303.3,8893993.3515,36050
1643673600000,2022-02-01,1INCHUSDT,1.682,1.744,1.637,1.706,5514739.7,9302227.3994,36654
1643587200000,2022-01-31,1INCHUSDT,1.66,1.698,1.575,1.682,5061907.1,8328615.5959,30485
1643500800000,2022-01-30,1INCHUSDT,1.713,1.731,1.624,1.662,3929931.7,6617136.7139,24793
1643414400000,2022-01-29,1INCHUSDT,1.647,1.745,1.643,1.713,6693731.6,11394850.1594,42697
1643328000000,2022-01-28,1INCHUSDT,1.59,1.77,1.55,1.647,9045081.0,14416152.8111,47736
1643241600000,2022-01-27,1INCHUSDT,1.628,1.66,1.523,1.588,6608144.3,10540564.4963,36974
1643155200000,2022-01-26,1INCHUSDT,1.594,1.829,1.574,1.629,12385112.0,21101135.0057,79224
1643068800000,2022-01-25,1INCHUSDT,1.585,1.613,1.528,1.593,6952721.1,10920528.3232,38279
1642982400000,2022-01-24,1INCHUSDT,1.689,1.69,1.422,1.585,11978928.35,18247049.139236,57277
1642896000000,2022-01-23,1INCHUSDT,1.613,1.713,1.58,1.691,6897967.5,11385531.055,38079
1642809600000,2022-01-22,1INCHUSDT,1.841,1.867,1.5,1.613,16176847.85,26772050.842405,79835
1642723200000,2022-01-21,1INCHUSDT,2.034,2.061,1.706,1.842,16671329.73,31465644.686725,100627
1642636800000,2022-01-20,1INCHUSDT,2.087,2.239,2.026,2.036,8200234.2,17586787.8265,54690
1642550400000,2022-01-19,1INCHUSDT,2.189,2.196,2.061,2.089,7443117.4,15752430.5136,44585
1642464000000,2022-01-18,1INCHUSDT,2.244,2.278,2.115,2.189,7222718.3,15756466.4092,47897
1642377600000,2022-01-17,1INCHUSDT,2.435,2.449,2.196,2.242,8372995.0,19267886.7694,65836
1642291200000,2022-01-16,1INCHUSDT,2.386,2.463,2.349,2.435,8374877.3,20255349.1455,78226
1642204800000,2022-01-15,1INCHUSDT,2.37,2.427,2.338,2.386,4899082.2,11664838.7128,43157
1642118400000,2022-01-14,1INCHUSDT,2.345,2.45,2.263,2.37,10010967.5,23581343.7318,84226
1642032000000,2022-01-13,1INCHUSDT,2.248,2.524,2.214,2.346,39179594.6,94559699.0285,333283
1641945600000,2022-01-12,1INCHUSDT,2.15,2.261,2.139,2.247,6631899.5,14596450.7964,58960
1641859200000,2022-01-11,1INCHUSDT,2.077,2.169,2.03,2.148,6494319.8,13631382.6838,47032
1641772800000,2022-01-10,1INCHUSDT,2.15,2.188,1.965,2.077,11140993.5,23030428.87742,118899
1641686400000,2022-01-09,1INCHUSDT,2.126,2.202,2.091,2.151,5862549.5,12582563.2432,41179
1641600000000,2022-01-08,1INCHUSDT,2.185,2.27,2.034,2.127,10774578.8,23131054.8288,72699
1641513600000,2022-01-07,1INCHUSDT,2.344,2.45,2.117,2.184,17340613.9,38308421.878,108441
1641427200000,2022-01-06,1INCHUSDT,2.323,2.388,2.228,2.347,13597484.8,31284241.4412,153122
1641340800000,2022-01-05,1INCHUSDT,2.478,2.582,2.2,2.321,13528238.0,33047982.2367,127145
1641254400000,2022-01-04,1INCHUSDT,2.562,2.6,2.459,2.478,9652881.7,24500015.7817,79307
1641168000000,2022-01-03,1INCHUSDT,2.553,2.66,2.497,2.562,11828516.0,30523050.0574,106043
1641081600000,2022-01-02,1INCHUSDT,2.534,2.582,2.466,2.554,7336947.4,18580469.6192,55044
1640995200000,2022-01-01,1INCHUSDT,2.391,2.537,2.391,2.534,6304715.2,15531028.1475,50048
1640908800000,2021-12-31,1INCHUSDT,2.466,2.52,2.343,2.39,8514515.3,20737610.9307,78641
1640822400000,2021-12-30,1INCHUSDT,2.417,2.552,2.336,2.467,11192949.0,27353863.435,95749
1640736000000,2021-12-29,1INCHUSDT,2.541,2.596,2.376,2.419,11005352.1,27404945.4461,82346
1640649600000,2021-12-28,1INCHUSDT,2.797,2.826,2.524,2.539,15721325.0,41914044.4276,133380
1640563200000,2021-12-27,1INCHUSDT,2.758,2.982,2.739,2.796,14284955.6,40926066.0287,147934
1640476800000,2021-12-26,1INCHUSDT,2.731,2.8,2.627,2.755,9464700.5,25751198.7162,90545
1640390400000,2021-12-25,1INCHUSDT,2.754,2.816,2.696,2.731,9231928.8,25360085.1086,79681
1640304000000,2021-12-24,1INCHUSDT,2.824,2.98,2.689,2.753,17995112.7,50993920.9196,210815
1640217600000,2021-12-23,1INCHUSDT,2.476,2.898,2.438,2.824,24189461.8,65797530.7215,239410
1640131200000,2021-12-22,1INCHUSDT,2.439,2.573,2.423,2.477,10017896.5,24964607.672,89061
1640044800000,2021-12-21,1INCHUSDT,2.401,2.47,2.357,2.439,5259665.0,12773028.9903,49382
1639958400000,2021-12-20,1INCHUSDT,2.423,2.456,2.3,2.401,6619493.5,15681765.9008,66666
1639872000000,2021-12-19,1INCHUSDT,2.483,2.521,2.411,2.423,6048503.7,14912865.4649,47016
1639785600000,2021-12-18,1INCHUSDT,2.437,2.615,2.422,2.483,8292973.7,20924707.5253,69443
1639699200000,2021-12-17,1INCHUSDT,2.572,2.731,2.39,2.436,9753497.9,24620402.3016,92152
1639612800000,2021-12-16,1INCHUSDT,2.549,2.704,2.53,2.572,8439727.5,22088097.434,92031
1639526400000,2021-12-15,1INCHUSDT,2.542,2.568,2.324,2.551,9459441.9,23367464.4408,89920
1639440000000,2021-12-14,1INCHUSDT,2.397,2.59,2.365,2.542,11025162.2,27431210.7858,123275
1639353600000,2021-12-13,1INCHUSDT,2.548,2.66,2.229,2.397,14964445.1,36875177.3022,133903
1639267200000,2021-12-12,1INCHUSDT,2.586,2.61,2.487,2.547,4604962.6,11715034.2536,47701
1639180800000,2021-12-11,1INCHUSDT,2.485,2.619,2.453,2.585,6817022.9,17431768.9239,68092
1639094400000,2021-12-10,1INCHUSDT,2.499,2.66,2.464,2.484,9978798.4,25385143.1903,100504
1639008000000,2021-12-09,1INCHUSDT,2.753,2.97,2.493,2.499,14985343.9,40894748.2906,160166
1638921600000,2021-12-08,1INCHUSDT,2.678,2.79,2.562,2.753,9347812.4,25169574.0676,106867
1638835200000,2021-12-07,1INCHUSDT,2.649,2.856,2.638,2.677,12699244.0,34811433.5287,132194
1638748800000,2021-12-06,1INCHUSDT,2.638,2.681,2.359,2.65,16288696.7,40841175.9871,150917
1638662400000,2021-12-05,1INCHUSDT,2.673,2.845,2.523,2.637,15023645.5,40047892.8028,170208
1638576000000,2021-12-04,1INCHUSDT,3.134,3.145,1.994,2.675,34804023.66,88827033.791522,367773
1638489600000,2021-12-03,1INCHUSDT,3.473,3.504,3.004,3.133,13765975.2,45554849.115,154780
1638403200000,2021-12-02,1INCHUSDT,3.683,3.684,3.388,3.473,15806216.4,55461582.6084,168300
1638316800000,2021-12-01,1INCHUSDT,3.544,4.259,3.516,3.684,46310867.7,180470215.7843,544656
1638230400000,2021-11-30,1INCHUSDT,3.753,3.792,3.503,3.544,9833096.9,35466029.0151,126377
1638144000000,2021-11-29,1INCHUSDT,3.648,3.778,3.579,3.753,6373296.6,23396225.595,94341
1638057600000,2021-11-28,1INCHUSDT,3.704,3.708,3.364,3.646,7335571.1,26031289.3028,104797
1637971200000,2021-11-27,1INCHUSDT,3.67,3.8,3.639,3.705,6195695.7,23147343.3993,83785
1637884800000,2021-11-26,1INCHUSDT,4.25,4.259,3.577,3.67,17699133.6,68172573.2248,252819
1637798400000,2021-11-25,1INCHUSDT,3.988,4.308,3.95,4.251,15336429.4,63787900.1506,252054
1637712000000,2021-11-24,1INCHUSDT,4.033,4.153,3.896,3.99,15605481.4,62611018.3923,232644
1637625600000,2021-11-23,1INCHUSDT,3.821,4.145,3.75,4.033,8801552.0,34784624.1233,169404
1637539200000,2021-11-22,1INCHUSDT,3.988,4.005,3.75,3.823,8855670.3,34428228.7092,144468
1637452800000,2021-11-21,1INCHUSDT,3.985,4.154,3.859,3.987,10979396.3,44215498.0186,174725
1637366400000,2021-11-20,1INCHUSDT,3.886,4.025,3.795,3.985,7125380.5,27938058.3416,119601
1637280000000,2021-11-19,1INCHUSDT,3.546,3.959,3.47,3.886,6971039.0,26032910.6416,134921
1637193600000,2021-11-18,1INCHUSDT,3.923,4.022,3.466,3.547,8619650.4,32383470.2562,135281
1637107200000,2021-11-17,1INCHUSDT,3.85,3.954,3.69,3.926,6421351.3,24618222.0833,102053
1637020800000,2021-11-16,1INCHUSDT,4.189,4.19,3.493,3.846,10727842.8,41615587.9675,201767
1636934400000,2021-11-15,1INCHUSDT,4.278,4.36,4.116,4.188,5149401.2,21979595.3897,97099
1636848000000,2021-11-14,1INCHUSDT,4.272,4.34,4.146,4.279,4429642.1,18783811.0107,93923
1636761600000,2021-11-13,1INCHUSDT,4.164,4.296,4.106,4.272,5723936.1,24041604.1833,109394
1636675200000,2021-11-12,1INCHUSDT,4.275,4.276,3.971,4.165,5918915.4,24478829.0976,115536
1636588800000,2021-11-11,1INCHUSDT,4.074,4.483,4.004,4.276,9900847.0,42320760.7947,231315
1636502400000,2021-11-10,1INCHUSDT,4.432,4.732,3.782,4.073,17234942.6,74406885.6024,353909
1636416000000,2021-11-09,1INCHUSDT,4.63,4.65,4.416,4.433,6889214.1,31109037.7111,138588
1636329600000,2021-11-08,1INCHUSDT,4.572,4.635,4.414,4.629,5860956.6,26416060.2988,113118
1636243200000,2021-11-07,1INCHUSDT,4.42,4.621,4.36,4.571,7404798.9,33224899.7128,135709
1636156800000,2021-11-06,1INCHUSDT,4.39,4.49,4.133,4.419,7555754.3,32771675.5679,136989
1636070400000,2021-11-05,1INCHUSDT,4.505,4.611,4.367,4.393,6370370.1,28513767.9461,123711
1635984000000,2021-11-04,1INCHUSDT,4.427,4.609,4.323,4.507,10192607.1,45475434.0935,201262
1635897600000,2021-11-03,1INCHUSDT,4.625,4.629,4.324,4.423,8193592.8,36552972.8288,140107
1635811200000,2021-11-02,1INCHUSDT,4.565,4.761,4.397,4.624,9518580.2,43827691.3824,176810
1635724800000,2021-11-01,1INCHUSDT,4.573,4.677,4.228,4.569,11787786.6,52970179.1109,205672
1635638400000,2021-10-31,1INCHUSDT,4.692,4.702,4.3,4.576,12946700.4,58040649.7436,189030
1635552000000,2021-10-30,1INCHUSDT,5.052,5.133,4.575,4.693,8933027.7,43187824.5592,162695
1635465600000,2021-10-29,1INCHUSDT,5.141,5.58,4.918,5.052,15726931.1,81182620.2953,298135
1635379200000,2021-10-28,1INCHUSDT,5.718,5.81,4.726,5.142,30217298.5,155234980.3638,507806
1635292800000,2021-10-27,1INCHUSDT,3.949,7.73,3.913,5.72,161293941.49,962972819.606384,2558539
1635206400000,2021-10-26,1INCHUSDT,4.049,4.196,3.868,3.95,9194048.8,37463042.6761,189793
1635120000000,2021-10-25,1INCHUSDT,3.804,4.165,3.763,4.048,9615279.3,38640718.6896,195876
1635033600000,2021-10-24,1INCHUSDT,4.019,4.07,3.684,3.803,10222992.8,39359942.776,169028
1634947200000,2021-10-23,1INCHUSDT,4.022,4.079,3.822,4.019,8001276.8,31658130.4657,133647
1634860800000,2021-10-22,1INCHUSDT,4.139,4.35,3.877,4.021,15284964.1,62686525.2653,220310
1634774400000,2021-10-21,1INCHUSDT,4.169,4.5478,4.051,4.142,18352965.19,79108782.600546,497369
1634688000000,2021-10-20,1INCHUSDT,3.729,4.24,3.659,4.169,17215761.93,68440899.299225,491368
1634601600000,2021-10-19,1INCHUSDT,3.449,3.77,3.418,3.728,12104318.6,43331214.24,287351
1634515200000,2021-10-18,1INCHUSDT,3.483,3.649,3.298,3.451,17516688.4,60925770.0767,270582
1634428800000,2021-10-17,1INCHUSDT,3.211,3.575,3.154,3.483,17114889.4,58542366.997,382249
1634342400000,2021-10-16,1INCHUSDT,3.242,3.334,3.184,3.211,5373649.0,17513199.407,87039
1634256000000,2021-10-15,1INCHUSDT,3.36,3.38,3.037,3.242,18672133.7,59226436.4065,230271
1634169600000,2021-10-14,1INCHUSDT,2.964,3.505,2.953,3.359,23378478.1,77399385.0647,483509
1634083200000,2021-10-13,1INCHUSDT,2.897,3.018,2.826,2.963,8011497.7,23391269.34,117692
1633996800000,2021-10-12,1INCHUSDT,2.905,2.932,2.701,2.898,6525252.8,18393222.7639,113167
1633910400000,2021-10-11,1INCHUSDT,2.951,3.059,2.807,2.906,6627180.3,19650598.5573,93577
1633824000000,2021-10-10,1INCHUSDT,3.198,3.199,2.938,2.952,5275635.4,16296494.3452,80633
1633737600000,2021-10-09,1INCHUSDT,3.164,3.245,3.127,3.198,4004197.6,12785087.0474,50212
1633651200000,2021-10-08,1INCHUSDT,3.135,3.289,3.085,3.163,7601891.2,24266365.4694,111642
1633564800000,2021-10-07,1INCHUSDT,3.115,3.252,3.021,3.135,8546486.5,26881278.6566,121394
1633478400000,2021-10-06,1INCHUSDT,3.274,3.367,2.965,3.116,11703826.7,36669531.1353,166511
1633392000000,2021-10-05,1INCHUSDT,3.169,3.333,3.135,3.272,12865498.5,41431734.0823,189865
1633305600000,2021-10-04,1INCHUSDT,3.078,3.22,2.888,3.171,13220659.9,40714659.4631,169842
1633219200000,2021-10-03,1INCHUSDT,3.045,3.249,2.951,3.079,13954514.4,43650915.7533,181061
1633132800000,2021-10-02,1INCHUSDT,2.916,3.169,2.812,3.046,14424144.7,43029070.0573,212495
1633046400000,2021-10-01,1INCHUSDT,2.554,2.958,2.541,2.914,15334571.7,42448743.6889,201329
1632960000000,2021-09-30,1INCHUSDT,2.498,2.668,2.475,2.554,7921306.2,20350206.1801,80797
1632873600000,2021-09-29,1INCHUSDT,2.371,2.602,2.362,2.499,8903108.3,22152739.788,88057
1632787200000,2021-09-28,1INCHUSDT,2.523,2.615,2.364,2.373,8367781.6,20948632.5358,80811
1632700800000,2021-09-27,1INCHUSDT,2.679,2.95,2.513,2.524,15444835.3,42228551.6604,146331
1632614400000,2021-09-26,1INCHUSDT,2.489,2.85,2.214,2.679,17272399.34,44447160.7526,158621
1632528000000,2021-09-25,1INCHUSDT,2.546,2.598,2.434,2.49,5867441.2,14760235.4177,66523
1632441600000,2021-09-24,1INCHUSDT,2.776,2.844,2.363,2.547,11142098.7,28704121.3642,124494
1632355200000,2021-09-23,1INCHUSDT,2.63,2.9,2.557,2.778,10139355.2,27433160.6398,118464
1632268800000,2021-09-22,1INCHUSDT,2.32,2.689,2.261,2.629,9925240.9,24702984.6626,102416
1632182400000,2021-09-21,1INCHUSDT,2.575,2.665,2.24,2.321,11104894.31,27645949.062035,103661
1632096000000,2021-09-20,1INCHUSDT,2.947,2.955,2.5,2.576,11625961.71,31544471.024986,133582
1632009600000,2021-09-19,1INCHUSDT,3.133,3.143,2.905,2.945,5719372.0,17354195.8543,76974
1631923200000,2021-09-18,1INCHUSDT,3.119,3.317,3.063,3.133,7607842.0,24391781.1662,93474
1631836800000,2021-09-17,1INCHUSDT,3.327,3.366,3.015,3.119,9300080.8,29343142.4977,100265
1631750400000,2021-09-16,1INCHUSDT,3.298,3.515,3.183,3.326,19280157.5,64832325.5207,264676
1631664000000,2021-09-15,1INCHUSDT,3.073,3.332,3.012,3.3,12368664.0,39122935.09,170518
1631577600000,2021-09-14,1INCHUSDT,2.84,3.109,2.814,3.073,8382277.2,25077464.1542,104247
1631491200000,2021-09-13,1INCHUSDT,2.987,3.015,2.693,2.841,5948726.6,16830753.8319,74236
1631404800000,2021-09-12,1INCHUSDT,2.911,3.117,2.822,2.989,6119985.8,18320268.1234,88450
1631318400000,2021-09-11,1INCHUSDT,2.883,3.026,2.828,2.91,4709622.5,13836347.547,60190
1631232000000,2021-09-10,1INCHUSDT,3.031,3.167,2.731,2.883,7725445.6,22607386.3107,91565
1631145600000,2021-09-09,1INCHUSDT,2.918,3.2,2.831,3.034,10404409.1,31715230.0977,128219
1631059200000,2021-09-08,1INCHUSDT,2.933,3.018,2.579,2.919,13556570.6,38534433.5979,122855
1630972800000,2021-09-07,1INCHUSDT,3.709,3.747,2.546,2.934,22648492.58,71009310.881713,267015
1630886400000,2021-09-06,1INCHUSDT,3.834,3.96,3.538,3.71,11346604.3,42772646.88,154308
1630800000000,2021-09-05,1INCHUSDT,3.682,4.012,3.652,3.834,14161241.1,54803273.344576,293479
1630713600000,2021-09-04,1INCHUSDT,3.572,3.777,3.479,3.682,12234933.3,44503474.097899,232020
1630627200000,2021-09-03,1INCHUSDT,3.353,3.672,3.27,3.572,14501697.71,50469535.970489,281375
1630540800000,2021-09-02,1INCHUSDT,3.342,3.435,3.255,3.352,10736433.84,35991493.761165,151920
1630454400000,2021-09-01,1INCHUSDT,3.051,3.374,2.978,3.341,13063215.99,42122052.351713,167615
1630368000000,2021-08-31,1INCHUSDT,3.011,3.213,2.948,3.055,9666747.1,29838158.6419,105733
1630281600000,2021-08-30,1INCHUSDT,3.153,3.173,2.997,3.01,6932276.6,21370929.6958,63998
1630195200000,2021-08-29,1INCHUSDT,3.286,3.32,3.104,3.153,5832488.0,18565606.3514,51816
1630108800000,2021-08-28,1INCHUSDT,3.214,3.357,3.181,3.282,9280117.13,30479158.555798,104839
1630022400000,2021-08-27,1INCHUSDT,2.918,3.275,2.836,3.214,12058169.26,37570056.196156,126506
1629936000000,2021-08-26,1INCHUSDT,3.1782,3.2117,2.854,2.92,7070922.86,21162900.307328,76597
1629849600000,2021-08-25,1INCHUSDT,3.0626,3.1988,2.944,3.1781,7318233.9,22618643.845648,73848
1629763200000,2021-08-24,1INCHUSDT,3.4049,3.5042,3.0193,3.064,11004420.09,36071691.896971,130825
1629676800000,2021-08-23,1INCHUSDT,3.3861,3.492,3.3191,3.4073,7239235.76,24675264.123505,84520
1629590400000,2021-08-22,1INCHUSDT,3.3623,3.5,3.2589,3.3849,7344099.85,24841870.122908,80946
1629504000000,2021-08-21,1INCHUSDT,3.446,3.5319,3.3326,3.3636,10939287.85,37624956.665293,112066
1629417600000,2021-08-20,1INCHUSDT,3.4264,3.6215,3.366,3.4481,13273429.55,46418460.535554,184573
1629331200000,2021-08-19,1INCHUSDT,3.1127,3.4624,3.07,3.4264,16662455.4,54944705.580491,230696
1629244800000,2021-08-18,1INCHUSDT,3.0784,3.2616,2.94,3.1112,15670072.38,48715444.806709,136785
1629158400000,2021-08-17,1INCHUSDT,3.0374,3.3949,2.9721,3.0772,20916377.09,66445496.340118,260733
1629072000000,2021-08-16,1INCHUSDT,3.0454,3.298,2.9818,3.0341,14037098.45,44187409.940855,182179
1628985600000,2021-08-15,1INCHUSDT,3.0569,3.089,2.8978,3.0447,6987477.71,20831850.664647,70743
1628899200000,2021-08-14,1INCHUSDT,3.0718,3.1083,2.9121,3.0566,8486926.14,25601916.496953,81297
1628812800000,2021-08-13,1INCHUSDT,2.8089,3.0758,2.79,3.0716,8656278.0,25748982.676445,105393
1628726400000,2021-08-12,1INCHUSDT,2.935,3.0623,2.7018,2.8109,11080078.67,31499365.446585,93825
1628640000000,2021-08-11,1INCHUSDT,2.7926,3.1013,2.7833,2.9358,15200105.46,45033008.356531,173670
1628553600000,2021-08-10,1INCHUSDT,2.7584,2.8669,2.6699,2.7914,12123266.31,33650182.683664,103956
1628467200000,2021-08-09,1INCHUSDT,2.4913,2.8357,2.4,2.7609,13253022.18,35315091.048111,141056
1628380800000,2021-08-08,1INCHUSDT,2.7025,2.7099,2.4475,2.4907,8016978.1,20610530.323999,69684
1628294400000,2021-08-07,1INCHUSDT,2.5138,2.7197,2.4895,2.7041,12657991.2,33089878.837129,138849
1628208000000,2021-08-06,1INCHUSDT,2.4194,2.5635,2.352,2.5134,10299493.13,25431564.567214,98681
1628121600000,2021-08-05,1INCHUSDT,2.3423,2.4399,2.2274,2.4186,12056125.65,28357604.756232,95090
1628035200000,2021-08-04,1INCHUSDT,2.2232,2.4095,2.1886,2.343,8417289.24,19562441.097788,71164
1627948800000,2021-08-03,1INCHUSDT,2.3044,2.3465,2.1819,2.2235,4674698.28,10506368.677009,44375
1627862400000,2021-08-02,1INCHUSDT,2.3171,2.3913,2.2759,2.3057,5069637.1,11834837.741294,44056
1627776000000,2021-08-01,1INCHUSDT,2.3776,2.4854,2.29,2.317,7429086.46,17875616.078838,77129
1627689600000,2021-07-31,1INCHUSDT,2.3045,2.443,2.2606,2.3755,9922832.8,23477273.144306,91006
1627603200000,2021-07-30,1INCHUSDT,2.2456,2.323,2.165,2.3043,8741586.78,19595541.669636,77680
1627516800000,2021-07-29,1INCHUSDT,2.1896,2.2617,2.1447,2.2446,4945871.19,10951828.951328,44283
1627430400000,2021-07-28,1INCHUSDT,2.2173,2.2498,2.1334,2.1886,6382206.87,13940636.67926,49274
1627344000000,2021-07-27,1INCHUSDT,2.1373,2.2204,2.0746,2.2169,8149723.81,17602096.971048,66591
1627257600000,2021-07-26,1INCHUSDT,2.0442,2.3537,2.0188,2.1375,21221218.66,47411636.554126,190253
1627171200000,2021-07-25,1INCHUSDT,2.0416,2.1292,1.9456,2.0447,10784061.37,21877712.140809,80989
1627084800000,2021-07-24,1INCHUSDT,2.1147,2.1483,1.9848,2.042,9563492.09,19842203.294972,68836
1626998400000,2021-07-23,1INCHUSDT,2.0385,2.15,1.9433,2.1147,12018707.66,24766782.528837,95415
1626912000000,2021-07-22,1INCHUSDT,1.83,2.0869,1.7813,2.0385,9771644.37,18647863.134656,75918
1626825600000,2021-07-21,1INCHUSDT,1.7092,1.9174,1.6598,1.8302,6203894.97,11259857.316393,48213
1626739200000,2021-07-20,1INCHUSDT,1.7881,1.8261,1.618,1.7088,7921833.78,13436119.00763,53763
1626652800000,2021-07-19,1INCHUSDT,2.0297,2.0482,1.7783,1.7877,6164446.57,11591541.550759,46974
1626566400000,2021-07-18,1INCHUSDT,2.0132,2.119,1.9966,2.0297,3195017.43,6538118.888585,25605
1626480000000,2021-07-17,1INCHUSDT,1.9645,2.0863,1.95,2.0137,3976867.04,8013218.225725,34746
1626393600000,2021-07-16,1INCHUSDT,2.1474,2.223,1.9516,1.9643,9437168.1,19354913.061957,70428
1626307200000,2021-07-15,1INCHUSDT,2.2913,2.3507,2.12,2.1463,5644553.93,12525373.865735,44747
1626220800000,2021-07-14,1INCHUSDT,2.3208,2.36,2.1766,2.2932,4363146.69,9911085.436947,42925
1626134400000,2021-07-13,1INCHUSDT,2.4191,2.4554,2.2826,2.3207,3761776.3,8922950.915641,35484
1626048000000,2021-07-12,1INCHUSDT,2.5196,2.59,2.374,2.4208,3676631.86,9097692.142354,36671
1625961600000,2021-07-11,1INCHUSDT,2.4896,2.574,2.432,2.5177,2389443.22,5991491.988519,27660
1625875200000,2021-07-10,1INCHUSDT,2.5776,2.6285,2.43,2.4896,2937836.08,7369106.753796,31927
1625788800000,2021-07-09,1INCHUSDT,2.5088,2.63,2.4096,2.5784,4446408.95,11228391.298864,44344
1625702400000,2021-07-08,1INCHUSDT,2.7585,2.7752,2.4578,2.5082,5010661.08,13039106.977227,55599
1625616000000,2021-07-07,1INCHUSDT,2.8363,2.969,2.7431,2.7612,6260041.82,17774890.817534,72655
1625529600000,2021-07-06,1INCHUSDT,2.4889,2.931,2.485,2.8363,13670762.38,37548178.108131,141139
1625443200000,2021-07-05,1INCHUSDT,2.5336,2.5494,2.3461,2.4877,6302198.08,15400765.710701,58333
1625356800000,2021-07-04,1INCHUSDT,2.4865,2.6712,2.4112,2.531,5943379.43,15238010.529176,64189
1625270400000,2021-07-03,1INCHUSDT,2.3945,2.4954,2.3316,2.4853,4092690.28,9936465.949964,39905
1625184000000,2021-07-02,1INCHUSDT,2.3681,2.4093,2.2625,2.3928,3648680.59,8524579.276699,33722
1625097600000,2021-07-01,1INCHUSDT,2.5359,2.5375,2.3142,2.3666,4084411.65,9751888.136193,39905
1625011200000,2021-06-30,1INCHUSDT,2.5414,2.5744,2.3369,2.5355,6341897.46,15641864.563555,58856
1624924800000,2021-06-29,1INCHUSDT,2.4757,2.7039,2.4541,2.5435,8658193.3,22454894.538298,90104
1624838400000,2021-06-28,1INCHUSDT,2.5058,2.6171,2.3256,2.4757,13952675.7,34081282.815736,111493
1624752000000,2021-06-27,1INCHUSDT,2.3517,2.5177,2.292,2.5061,5134914.36,12283326.56218,54585
1624665600000,2021-06-26,1INCHUSDT,2.3382,2.4561,2.2,2.351,6457446.55,14840674.704954,64568
1624579200000,2021-06-25,1INCHUSDT,2.7279,2.7948,2.32,2.3379,9466229.66,23736782.757557,81142
1624492800000,2021-06-24,1INCHUSDT,2.6131,2.7932,2.444,2.7279,6378278.46,16819810.375325,65154
1624406400000,2021-06-23,1INCHUSDT,2.4056,2.8365,2.27,2.6118,11334158.46,29787764.126664,111885
1624320000000,2021-06-22,1INCHUSDT,2.6642,2.8553,2.07,2.4061,18916359.63,46382445.095644,157512
1624233600000,2021-06-21,1INCHUSDT,3.3972,3.49,2.5888,2.6649,20145869.54,60752411.570368,196601
1624147200000,2021-06-20,1INCHUSDT,3.0153,3.4941,2.8065,3.398,8970178.43,27620171.676676,105283
1624060800000,2021-06-19,1INCHUSDT,3.1645,3.2088,3.0048,3.0149,4846391.65,15062790.791535,48391
1623974400000,2021-06-18,1INCHUSDT,3.4116,3.4237,3.0315,3.164,6483454.85,20835832.228339,71271
1623888000000,2021-06-17,1INCHUSDT,3.5952,3.739,3.2886,3.4118,11079189.84,38717329.659274,117971
1623801600000,2021-06-16,1INCHUSDT,3.7447,3.9499,3.546,3.5968,10163886.09,38127842.277916,127204
1623715200000,2021-06-15,1INCHUSDT,3.6895,3.8005,3.523,3.7449,8324004.91,30420822.005158,126700
1623628800000,2021-06-14,1INCHUSDT,3.0021,3.885,2.92,3.685,30227192.08,106469597.090804,362604
1623542400000,2021-06-13,1INCHUSDT,2.7268,3.048,2.6167,3.0067,7709471.01,21893962.330966,77410
1623456000000,2021-06-12,1INCHUSDT,2.7404,2.8813,2.5172,2.7253,6647505.14,17633009.815014,61432
1623369600000,2021-06-11,1INCHUSDT,3.0136,3.077,2.6621,2.7426,6674942.81,19135030.187377,69994
1623283200000,2021-06-10,1INCHUSDT,3.1915,3.26,2.8455,3.0122,9364701.16,28616882.835298,107850
1623196800000,2021-06-09,1INCHUSDT,3.0929,3.2391,2.8758,3.1915,17700896.51,54527762.698732,147042
1623110400000,2021-06-08,1INCHUSDT,3.4031,3.461,2.845,3.0961,10905697.98,34220020.291891,111453
1623024000000,2021-06-07,1INCHUSDT,3.9098,3.9153,3.3437,3.4055,7310939.63,26889491.565056,90166
1622937600000,2021-06-06,1INCHUSDT,3.6846,4.1176,3.6356,3.9098,11968479.39,46628742.116088,158720
1622851200000,2021-06-05,1INCHUSDT,3.3761,4.0151,3.3376,3.6846,17722025.59,66461623.969574,195345
1622764800000,2021-06-04,1INCHUSDT,3.4959,3.72,3.103,3.372,17217578.81,58806738.940966,176299
1622678400000,2021-06-03,1INCHUSDT,3.3753,3.5957,3.3241,3.4946,8481519.35,29410069.854682,100292
1622592000000,2021-06-02,1INCHUSDT,3.1219,3.5775,3.0402,3.3752,11806631.49,40200686.631559,148437
1622505600000,2021-06-01,1INCHUSDT,3.2071,3.269,2.9881,3.1195,6391948.42,19984759.75755,91941
1622419200000,2021-05-31,1INCHUSDT,2.8835,3.2928,2.7458,3.2055,9404364.5,28997131.167386,144672
1622332800000,2021-05-30,1INCHUSDT,2.5698,2.9865,2.4032,2.8861,7369553.03,20158255.675278,92810
1622246400000,2021-05-29,1INCHUSDT,2.7573,2.9816,2.4408,2.5678,8491591.83,22920755.09504,106442
1622160000000,2021-05-28,1INCHUSDT,3.2836,3.3718,2.6083,2.7571,12764961.2,37342895.017933,150598
1622073600000,2021-05-27,1INCHUSDT,3.4239,3.45,2.9685,3.2803,8182522.21,26424359.028736,100488
1621987200000,2021-05-26,1INCHUSDT,2.8907,3.5,2.8314,3.4259,14637848.76,47330913.496074,188770
1621900800000,2021-05-25,1INCHUSDT,2.95,3.1002,2.5314,2.8913,11467021.03,31863038.136264,128236
1621814400000,2021-05-24,1INCHUSDT,2.3344,3.0106,2.29,2.9475,16333699.84,43819216.879785,182021
1621728000000,2021-05-23,1INCHUSDT,2.725,2.8838,1.7777,2.3355,20568168.94,46337002.617145,170378
1621641600000,2021-05-22,1INCHUSDT,3.1176,3.2793,2.6335,2.7226,14015960.7,40289584.71486,155291
1621555200000,2021-05-21,1INCHUSDT,3.6039,3.8155,2.6418,3.1169,16658585.42,53727666.265513,174118
1621468800000,2021-05-20,1INCHUSDT,3.2128,3.96,2.7369,3.5959,20423893.94,70441082.224749,243979
1621382400000,2021-05-19,1INCHUSDT,5.268,5.4228,2.6401,3.2102,35678870.31,134988386.91118,441105
1621296000000,2021-05-18,1INCHUSDT,4.7045,5.4,4.6412,5.2662,13777058.16,69957670.676883,215145
1621209600000,2021-05-17,1INCHUSDT,5.1261,5.1633,4.4307,4.7037,11605220.21,55820440.311271,180902
1621123200000,2021-05-16,1INCHUSDT,5.2563,5.6377,4.65,5.1263,13849370.1,71151028.077004,193672
1621036800000,2021-05-15,1INCHUSDT,5.741,6.0487,5.2365,5.2564,10544232.19,59687553.855681,179779
1620950400000,2021-05-14,1INCHUSDT,5.5732,5.9385,5.25,5.7383,8465404.09,48460843.037077,158374
1620864000000,2021-05-13,1INCHUSDT,5.6098,6.1,5.1574,5.5713,15145067.87,84429792.638381,257551
1620777600000,2021-05-12,1INCHUSDT,6.5338,6.9258,5.4557,5.6127,15029262.02,96725424.933711,251279
1620691200000,2021-05-11,1INCHUSDT,6.1775,6.5367,5.8,6.535,10398149.53,64416417.794044,175235
1620604800000,2021-05-10,1INCHUSDT,7.0806,7.1879,5.5342,6.1775,14792762.02,97050558.427561,281578
1620518400000,2021-05-09,1INCHUSDT,7.4873,7.5302,6.7212,7.0801,16256909.99,114379939.512994,265975
1620432000000,2021-05-08,1INCHUSDT,6.5813,7.8748,6.4688,7.4832,20093486.35,146565028.727362,358976
1620345600000,2021-05-07,1INCHUSDT,6.6078,7.1225,6.2973,6.5777,14084314.87,95029944.34047,236387
1620259200000,2021-05-06,1INCHUSDT,5.9869,7.56,5.8699,6.6062,42831561.24,294379314.973094,650361
1620172800000,2021-05-05,1INCHUSDT,5.2431,6.2879,5.1855,5.9842,13538249.21,78449209.197352,234554
1620086400000,2021-05-04,1INCHUSDT,5.869,5.9084,5.2032,5.2422,11357020.69,63034621.910143,178582
1620000000000,2021-05-03,1INCHUSDT,5.3612,5.95,5.3525,5.8675,8928929.78,51010110.243716,156573
1619913600000,2021-05-02,1INCHUSDT,5.5239,5.5351,5.1278,5.3614,4781431.16,25562280.362631,69822
1619827200000,2021-05-01,1INCHUSDT,5.6389,5.7743,5.3344,5.5239,5663187.17,31396472.394734,83880
1619740800000,2021-04-30,1INCHUSDT,5.4701,5.761,5.3343,5.64,8261973.38,46045311.216626,130624
1619654400000,2021-04-29,1INCHUSDT,5.5515,5.91,5.2161,5.471,14639435.6,81691328.565081,193422
1619568000000,2021-04-28,1INCHUSDT,5.1134,5.7879,4.7024,5.5507,21702420.58,116030126.567178,275244
1619481600000,2021-04-27,1INCHUSDT,4.5488,5.1554,4.4605,5.1137,10264132.39,49882648.147407,142354
1619395200000,2021-04-26,1INCHUSDT,3.9969,4.5754,3.9411,4.5488,6735735.64,29513861.489522,89887
1619308800000,2021-04-25,1INCHUSDT,3.9509,4.2499,3.785,3.9961,4582203.84,18365823.798212,55591
1619222400000,2021-04-24,1INCHUSDT,4.2818,4.2834,3.9151,3.9538,6221627.21,25408048.08451,75726
1619136000000,2021-04-23,1INCHUSDT,4.585,4.6912,3.7536,4.2824,15264994.45,62806594.164257,171806
1619049600000,2021-04-22,1INCHUSDT,5.0179,5.3477,4.5234,4.5867,11918495.01,59482315.27792,155590
1618963200000,2021-04-21,1INCHUSDT,5.0157,5.2866,4.8492,5.02,10558626.72,53580079.505745,141634
1618876800000,2021-04-20,1INCHUSDT,4.8463,5.2122,4.423,5.0184,10305176.44,49998562.44209,132294
1618790400000,2021-04-19,1INCHUSDT,5.2928,5.4598,4.7038,4.8463,8886544.64,45087963.090007,113836
1618704000000,2021-04-18,1INCHUSDT,6.4575,6.65,4.5,5.2943,19031591.57,102852898.083993,260174
1618617600000,2021-04-17,1INCHUSDT,5.8131,6.5333,5.81,6.4639,11317813.33,69105803.461967,169535
1618531200000,2021-04-16,1INCHUSDT,6.0865,6.1424,5.5967,5.8107,7951714.19,46463176.290401,111672
1618444800000,2021-04-15,1INCHUSDT,5.8801,6.4,5.7688,6.0839,11891345.75,72527499.65103,172357
1618358400000,2021-04-14,1INCHUSDT,5.6116,6.0149,5.43,5.876,13120252.19,75420723.288117,177493
1618272000000,2021-04-13,1INCHUSDT,5.4937,5.8073,5.4192,5.6116,9779114.7,54715001.536644,122304
1618185600000,2021-04-12,1INCHUSDT,5.6733,5.8313,5.2598,5.4953,10460925.84,58177592.131252,124230
1618099200000,2021-04-11,1INCHUSDT,5.7309,6.0,5.5441,5.6706,7638188.12,43779760.980699,105746
1618012800000,2021-04-10,1INCHUSDT,6.1063,6.1112,5.528,5.7303,15135803.45,88867596.991632,180656
1617926400000,2021-04-09,1INCHUSDT,6.1887,6.67,5.9309,6.1117,22174875.31,138954392.385267,258405
1617840000000,2021-04-08,1INCHUSDT,5.5726,6.5602,5.4583,6.1887,34239315.47,211384946.570317,424472
1617753600000,2021-04-07,1INCHUSDT,5.1776,5.948,4.5029,5.568,37255685.68,200945730.00626,415833
1617667200000,2021-04-06,1INCHUSDT,5.3108,5.83,5.1319,5.1768,22060257.44,120260457.447526,298063
1617580800000,2021-04-05,1INCHUSDT,4.57,5.375,4.4219,5.3133,18777292.51,93246645.36623,249733
1617494400000,2021-04-04,1INCHUSDT,4.2403,4.702,4.1351,4.57,6913010.42,30787942.340277,86562
1617408000000,2021-04-03,1INCHUSDT,4.6707,4.7999,4.233,4.2403,8655285.81,39679688.096643,122878
1617321600000,2021-04-02,1INCHUSDT,4.4536,4.6969,4.3841,4.6698,7056818.81,31922122.469484,88574
1617235200000,2021-04-01,1INCHUSDT,4.3422,4.5172,4.2542,4.4501,6249436.8,27544173.4513,78602
1617148800000,2021-03-31,1INCHUSDT,4.5025,4.5489,4.1095,4.3409,6397011.92,27821391.171738,82356
1617062400000,2021-03-30,1INCHUSDT,4.6042,4.6855,4.4285,4.5032,6663304.48,30338318.388735,80459
1616976000000,2021-03-29,1INCHUSDT,4.0876,4.6327,4.0245,4.6043,12346108.75,53535239.252557,134187
1616889600000,2021-03-28,1INCHUSDT,3.9917,4.23,3.9377,4.0882,5936030.12,24392896.237025,70694
1616803200000,2021-03-27,1INCHUSDT,4.0015,4.0647,3.7958,3.9929,6023746.84,23818007.224139,64323
1616716800000,2021-03-26,1INCHUSDT,3.6654,4.09,3.6633,4.0015,5700708.68,22271649.910758,69124
1616630400000,2021-03-25,1INCHUSDT,3.7112,3.8909,3.567,3.669,7917447.23,29403135.816634,95883
1616544000000,2021-03-24,1INCHUSDT,4.0854,4.3403,3.5747,3.7154,9760063.2,39323427.665897,109882
1616457600000,2021-03-23,1INCHUSDT,4.3,4.4757,4.0,4.0854,10177546.44,43054417.184838,114786
1616371200000,2021-03-22,1INCHUSDT,4.6701,4.8481,4.1885,4.3,9856002.76,45263710.636671,127859
1616284800000,2021-03-21,1INCHUSDT,4.7027,4.794,4.487,4.6725,6862976.25,31912826.707292,88776
1616198400000,2021-03-20,1INCHUSDT,4.8915,5.1968,4.68,4.7019,7774200.53,38661762.181767,106441
1616112000000,2021-03-19,1INCHUSDT,4.5729,5.2445,4.4555,4.8866,13864407.44,68335828.505284,180242
1616025600000,2021-03-18,1INCHUSDT,5.0295,5.0981,4.5445,4.5727,12001106.42,57415013.352423,149938
1615939200000,2021-03-17,1INCHUSDT,4.5603,5.034,4.2512,5.034,19719763.14,89795445.040097,233689
1615852800000,2021-03-16,1INCHUSDT,3.9435,4.6426,3.787,4.5603,19586894.48,82396338.975812,194785
1615766400000,2021-03-15,1INCHUSDT,3.8358,4.3835,3.72,3.9417,17288039.45,70665172.165573,194584
1615680000000,2021-03-14,1INCHUSDT,4.1002,4.22,3.83,3.8322,9394966.82,37572927.958102,109166
1615593600000,2021-03-13,1INCHUSDT,3.8022,4.2434,3.6302,4.0955,11561642.75,46036996.834336,114760
1615507200000,2021-03-12,1INCHUSDT,3.9999,4.142,3.68,3.8026,12205621.5,47935983.544903,124205
1615420800000,2021-03-11,1INCHUSDT,4.0078,4.14,3.8888,3.9999,11027070.39,44049883.953324,111252
1615334400000,2021-03-10,1INCHUSDT,4.4365,4.5225,3.93,4.0047,15201804.11,63538319.696569,156816
1615248000000,2021-03-09,1INCHUSDT,4.3249,4.555,4.2001,4.4366,14316973.66,62924246.408656,149590
1615161600000,2021-03-08,1INCHUSDT,3.988,4.4662,3.85,4.3249,17296288.32,71601697.699446,172399
1615075200000,2021-03-07,1INCHUSDT,3.8646,4.11,3.7818,3.9827,13306385.89,52320759.933592,146752
1614988800000,2021-03-06,1INCHUSDT,3.7327,3.8647,3.6051,3.8626,6060340.49,22750338.582346,58120
1614902400000,2021-03-05,1INCHUSDT,3.8367,3.85,3.52,3.7287,9671184.6,35600870.739959,102531
1614816000000,2021-03-04,1INCHUSDT,4.0685,4.2387,3.7501,3.8366,10471212.59,41868419.004986,111119
1614729600000,2021-03-03,1INCHUSDT,4.011,4.3177,3.986,4.0648,11383448.93,47278919.475559,113122
1614643200000,2021-03-02,1INCHUSDT,4.1194,4.3556,3.81,4.0087,14640989.02,60321912.293036,145091
1614556800000,2021-03-01,1INCHUSDT,3.8408,4.2,3.777,4.1194,13458342.81,54030164.996279,119315
1614470400000,2021-02-28,1INCHUSDT,4.1492,4.1813,3.5,3.8407,18129452.19,68685260.087926,177675
1614384000000,2021-02-27,1INCHUSDT,4.4984,4.865,4.01,4.1598,18105346.55,80444145.542601,196222
1614297600000,2021-02-26,1INCHUSDT,3.9355,5.1676,3.7764,4.4897,48877825.62,221285561.48857,489190
1614211200000,2021-02-25,1INCHUSDT,3.6447,4.66,3.51,3.9342,33369910.61,139088001.165054,299537
1614124800000,2021-02-24,1INCHUSDT,3.6938,4.1635,3.4083,3.6436,16484825.41,62386155.172209,170505
1614038400000,2021-02-23,1INCHUSDT,4.5351,4.5759,3.0,3.6811,24574982.07,88775632.081063,250619
1613952000000,2021-02-22,1INCHUSDT,5.0575,5.0706,3.6047,4.5317,19020054.6,86105397.136782,212374
1613865600000,2021-02-21,1INCHUSDT,5.1104,5.4783,4.9087,5.0575,15660772.77,81564170.483391,168163
1613779200000,2021-02-20,1INCHUSDT,4.604,5.8976,4.44,5.1293,34051875.95,177945251.819955,360573
1613692800000,2021-02-19,1INCHUSDT,4.7803,4.8697,4.5,4.6031,12795377.82,59944880.896921,150130
1613606400000,2021-02-18,1INCHUSDT,4.8307,5.1749,4.71,4.7718,12007663.61,59508058.420068,135388
1613520000000,2021-02-17,1INCHUSDT,4.7625,5.0699,4.4,4.828,14650901.3,70126670.741956,148540
1613433600000,2021-02-16,1INCHUSDT,4.9413,5.1836,4.6124,4.7567,14800214.71,72440427.156593,144145
1613347200000,2021-02-15,1INCHUSDT,5.25,5.528,4.205,4.95,26654789.16,131896702.781393,298841
1613260800000,2021-02-14,1INCHUSDT,5.7,6.29,5.1001,5.25,19890398.63,112725860.894121,230520
1613174400000,2021-02-13,1INCHUSDT,5.2527,6.024,5.1301,5.7,24181762.86,134444125.199919,280155
1613088000000,2021-02-12,1INCHUSDT,5.6254,5.8,5.1201,5.2528,19898521.86,108774916.711615,240101
1613001600000,2021-02-11,1INCHUSDT,4.9,5.86,4.673,5.6254,20245238.71,109112374.131212,231120
1612915200000,2021-02-10,1INCHUSDT,5.0648,5.4206,4.4,4.8912,18078644.38,91814091.363323,220024
1612828800000,2021-02-09,1INCHUSDT,5.3255,5.3484,4.8143,5.067,16186957.03,82125294.206295,189712
1612742400000,2021-02-08,1INCHUSDT,4.9513,5.4763,4.69,5.3251,18626982.19,95419034.11442,190737
1612656000000,2021-02-07,1INCHUSDT,5.2598,5.3095,4.3001,4.9512,21091809.1,101867796.328274,218790
1612569600000,2021-02-06,1INCHUSDT,5.825,5.94,5.1,5.26,17203563.3,92799917.719044,204363
1612483200000,2021-02-05,1INCHUSDT,5.5699,6.33,5.5076,5.825,18313335.48,108335945.213193,214545
1612396800000,2021-02-04,1INCHUSDT,5.0357,5.95,4.5818,5.5705,27437347.94,144276852.570263,296981
1612310400000,2021-02-03,1INCHUSDT,4.67,5.2657,4.35,5.0363,18109526.37,88178111.821532,190345
1612224000000,2021-02-02,1INCHUSDT,5.0179,5.074,4.56,4.6714,13304716.72,63844474.850109,150297
1612137600000,2021-02-01,1INCHUSDT,4.9307,5.2729,4.2715,5.0194,33226376.16,158119081.82892,305148
1612051200000,2021-01-31,1INCHUSDT,4.5861,5.55,4.455,4.9309,55866327.76,281656205.811888,492575
1611964800000,2021-01-30,1INCHUSDT,3.3571,4.7,3.1707,4.586,44098606.67,175026014.004943,333876
1611878400000,2021-01-29,1INCHUSDT,3.1124,3.4772,2.8416,3.3511,22150621.36,67774115.764665,149747
1611792000000,2021-01-28,1INCHUSDT,2.4985,3.3579,2.425,3.1197,30681113.58,93747461.951823,192446
1611705600000,2021-01-27,1INCHUSDT,2.6898,2.7278,2.2288,2.4955,21663954.75,53437076.0956,117123
1611619200000,2021-01-26,1INCHUSDT,2.3546,2.69,2.18,2.6881,21837127.98,53324781.77685,116325
1611532800000,2021-01-25,1INCHUSDT,2.4707,2.72,2.2933,2.3585,28495931.15,72129338.524312,153434
1611446400000,2021-01-24,1INCHUSDT,1.9338,2.49,1.8786,2.4743,23208043.75,51070241.692679,114422
1611360000000,2021-01-23,1INCHUSDT,1.7549,1.998,1.7058,1.9309,14696995.31,27785698.900559,69176
1611273600000,2021-01-22,1INCHUSDT,1.5733,1.85,1.4113,1.7562,14724984.43,24654877.554878,66566
1611187200000,2021-01-21,1INCHUSDT,1.8453,1.8847,1.546,1.569,14945722.21,25446912.941955,63141
1611100800000,2021-01-20,1INCHUSDT,1.9043,1.9652,1.6412,1.847,15359199.05,27459373.552279,67189
1611014400000,2021-01-19,1INCHUSDT,1.8792,2.1,1.7979,1.9005,21184499.68,41172560.786419,96206
1610928000000,2021-01-18,1INCHUSDT,2.0283,2.0768,1.68,1.8827,24567762.77,46699918.365494,115828
1610841600000,2021-01-17,1INCHUSDT,1.6316,2.19,1.5844,2.0362,40145438.06,75630316.779939,172099
1610755200000,2021-01-16,1INCHUSDT,1.3488,1.8416,1.3313,1.6319,30763976.8,48763780.743055,129709
1610668800000,2021-01-15,1INCHUSDT,1.3379,1.51,1.1716,1.3516,24679310.93,33544488.378938,85824
1610582400000,2021-01-14,1INCHUSDT,1.275,1.4026,1.2637,1.3395,13593431.03,18063982.2852,47235
1610496000000,2021-01-13,1INCHUSDT,1.1272,1.3345,1.06,1.277,16398822.19,20123388.883208,68051
1610409600000,2021-01-12,1INCHUSDT,1.1262,1.214,1.055,1.1275,12397670.65,14122650.797779,47935
1610323200000,2021-01-11,1INCHUSDT,1.2032,1.2126,0.9623,1.1243,18251793.0,19767672.641642,67931
1610236800000,2021-01-10,1INCHUSDT,1.2441,1.3871,1.11,1.2058,21496873.07,27376198.030271,91381
1610150400000,2021-01-09,1INCHUSDT,1.1864,1.2999,1.112,1.2431,17542226.69,21282757.752106,76495
1610064000000,2021-01-08,1INCHUSDT,1.294,1.3485,1.0111,1.1867,22858507.73,28305260.777243,108585
1609977600000,2021-01-07,1INCHUSDT,1.5109,1.615,1.244,1.2925,25553868.02,37327120.55827,126000
1609891200000,2021-01-06,1INCHUSDT,1.2502,1.5269,1.1885,1.51,26125892.04,35471398.630165,119636
1609804800000,2021-01-05,1INCHUSDT,1.0317,1.38,0.98,1.2501,21614286.19,24772365.76234,87149
1609718400000,2021-01-04,1INCHUSDT,1.108,1.24,0.9666,1.0317,18714450.36,20652733.11878,69045
1609632000000,2021-01-03,1INCHUSDT,1.0259,1.1568,0.9456,1.108,20147704.01,21379421.776639,70324
1609545600000,2021-01-02,1INCHUSDT,1.1521,1.1607,1.0,1.025,11922746.16,12861436.62075,54928
1609459200000,2021-01-01,1INCHUSDT,1.3623,1.3974,1.0863,1.155,20279992.26,24465518.026843,91068
1609372800000,2020-12-31,1INCHUSDT,1.0932,1.4033,1.0582,1.3637,44493450.73,56262752.408986,185644
1609286400000,2020-12-30,1INCHUSDT,0.8845,1.2574,0.8702,1.0934,57120473.11,61465212.258155,203834
1609200000000,2020-12-29,1INCHUSDT,1.114,1.1166,0.7541,0.8845,53786032.77,48073723.12896,167732
1609113600000,2020-12-28,1INCHUSDT,1.06,1.2787,1.0353,1.114,39346066.97,45505928.992213,150133
1609027200000,2020-12-27,1INCHUSDT,1.597,1.6516,1.036,1.0612,77797336.07,101274161.763392,309021
1608940800000,2020-12-26,1INCHUSDT,2.2958,2.4609,1.5717,1.5967,57039701.92,105418896.837093,298161
1608854400000,2020-12-25,1INCHUSDT,0.2,3.0885,0.2,2.2954,125977553.14,301510841.152751,616984
